Common Name           ;Gl/GJ   ;Variable  ;Cst  ;RA_J2000   De_J2000  ;PMtot ;PosAng ;TrigPar  ;Error  ;Spect. Type  ;AparMag    ;P/D;Comments
Sun                   ;        ;          ;     ;                     ;      ;       ;         ;       ; G 2   V     ;-26.71 V   ; y ;
Proxima Cent. (C)     ;551     ;V645 Cen  ;Cen  ;14 29 43.0 -62 40 46 ; 3.85 ; 281.5 ; 768.63  ; 0.16  ; M 5.5 V     ; 11.11 V   ; y ;Mamajek suggests it as M 5.5 V std
Alpha Centauri (A)    ;559 A   ;          ;Cen  ;14 39 36.5 -60 50 02 ; 3.71 ; 277.5 ; 745.78  ; 0.46  ; G 2   V     ;  0.00 V   ;   ;
Alpha Centauri (B)    ;559 B   ;          ;Cen  ;14 39 35.1 -60 50 15 ; 3.72 ; 284.8 ; 745.78  ; 0.46  ; K 0   V     ;  1.35 V   ; y ;
Barnard's star        ;699     ;V2500 Oph ;Oph  ;17 57 48.5 +04 41 36 ;10.36 ; 355.6 ; 546.51  ; 0.20  ; M 3.5 V     ;  9.54 V   ; y ;
Luhman 16 A           ;        ;          ;Vel  ;10 49 18.7 -53 19 10 ; 2.78 ; 277.4 ; 501.258 ; 0.044 ; L 7.5 V     ; 23.25 V   ;   ;WISE J1049-5319 A
Luhman 16 B           ;        ;          ;Vel  ;10 49 18.7 -53 19 10 ; 2.78 ; 277.4 ; 501.258 ; 0.044 ; T 0.5 V     ; 24.07 V   ;   ;WISE J1049-5319 B
WISE J0855-0714       ;        ;          ;Hya  ;08 55 10.8 -07 14 42 ; 8.09 ; 85.0  ; 440.2   ; 2.8   ; Y 4   V     ; 25.45 J   ;   ;Rogue planet? J_MKO
Wolf 359              ;406     ;CN Leo    ;Leo  ;10 56 28.9 +07 00 53 ; 4.70 ; 234.6 ; 414.54  ; 0.76  ; M 6   V     ; 13.53 V   ; y ;M 6 V standard
Lalande 21185         ;411     ;          ;UMa  ;11 03 20.2 +35 58 12 ; 4.80 ; 186.9 ; 393.40  ; 0.56  ; M 2   V     ;  7.50 V   ; y ;M 2 V standard, planets claimed by Gatewood were disproven by RV measurements
Sirius A              ;244 A   ;          ;CMa  ;06 45 08.9 -16 42 58 ; 1.34 ; 204.1 ; 377.05  ; 0.43  ; A 1   V     ; -1.45 V   ;   ;Alpha Canis Majoris
Sirius B              ;244 B   ;          ;CMa  ;06 45 08.9 -16 42 58 ; 1.34 ; 204.1 ; 377.05  ; 0.43  ; DA 1.9      ;  8.40 V   ;   ;
Luyten 726-8 A        ;65 A    ;BL Cet    ;Cet  ;01 39 01.3 -17 57 01 ; 3.37 ; 80.4  ; 371.02  ; 0.19  ; M 5.5 V     ; 12.63 V   ;   ;
Luyten 726-8 B        ;65 B    ;UV Cet    ;Cet  ;01 39 01.3 -17 57 01 ; 3.37 ; 80.4  ; 371.02  ; 0.19  ; M 6   V     ; 13.08 V   ;   ;
Ross 154              ;729     ;V1216 Sgr ;Sgr  ;18 49 49.4 -23 50 10 ; 0.67 ; 106.8 ; 336.129 ; 0.064 ; M 3.5 V     ; 10.50 V   ;   ;
Ross 248              ;905     ;HH And    ;And  ;23 41 54.7 +44 10 30 ; 1.62 ; 177.0 ; 316.92  ; 0.12  ; M 5.5 V     ; 12.29 V   ;   ;
Epsilon Eridani       ;144     ;Eps Eri   ;Eri  ;03 32 55.8 -09 27 30 ; 0.98 ; 271.1 ; 311.257 ; 0.089 ; K 2   V     ;  3.73 V   ; y ;
Lacaille 9352         ;887     ;          ;PsA  ;23 05 52.0 -35 51 11 ; 6.90 ; 78.9  ; 304.223 ; 0.045 ; M 1   V     ;  7.36 V   ; y ;
Ross 128              ;447     ;FI Vir    ;Vir  ;11 47 44.4 +00 48 16 ; 1.36 ; 153.6 ; 296.312 ; 0.070 ; M 4   V     ; 11.10 V   ; y ;Possible jovian planet in Kervella18
Luyten 789-6 Aa       ;866     ;EZ Aqr    ;Aqr  ;22 38 33.7 -15 17 58 ; 3.25 ; 46.6  ; 293.08  ; 0.79  ; M 5.5 V     ; 13.02 V   ;   ;
Luyten 789-6 Ab       ;        ;          ;Aqr  ;22 38 33.7 -15 17 58 ; 3.25 ; 46.6  ; 293.08  ; 0.79  ; M 6.5 V     ; 15.15 V   ;   ;
Luyten 789-6 B        ;        ;          ;Aqr  ;22 38 33.7 -15 17 58 ; 3.25 ; 46.6  ; 293.08  ; 0.79  ; M 6   V     ; 13.24 V   ;   ;
61 Cygni A            ;820 A   ;V1803 Cyg ;Cyg  ;21 06 53.9 +38 44 58 ; 5.28 ; 51.9  ; 286.096 ; 0.051 ; K 5   V     ;  5.23 V   ; y ;Uncertain planetary companion claimed by Gorshanov06
61 Cygni B            ;820 B   ;          ;Cyg  ;21 06 55.3 +38 44 31 ; 5.17 ; 52.6  ; 286.096 ; 0.051 ; K 7   V     ;  6.06 V   ; y ;Carmenes (2015) lists ST M 0.5: V, possible planet in Kervella18
Procyon A             ;280 A   ;          ;CMi  ;07 39 18.1 +05 13 30 ; 1.26 ; 214.7 ; 285.17  ; 0.64  ; F 5   IV-V  ;  0.37 V   ;   ;Alpha Canis Minoris
Procyon B             ;280 B   ;          ;CMi  ;07 39 18.1 +05 13 30 ; 1.26 ; 214.7 ; 285.17  ; 0.64  ; DQZ 6.5     ; 10.87 V   ;   ;
STF 2398 A            ;725 A   ;          ;Dra  ;18 42 46.7 +59 37 49 ; 2.24 ; 323.6 ; 283.928 ; 0.054 ; M 3   V     ;  8.90 V   ;   ;
STF 2398 B            ;725 B   ;          ;Dra  ;18 42 46.9 +59 37 37 ; 2.31 ; 323.0 ; 283.928 ; 0.054 ; M 3.5 V     ;  9.67 V   ; y ;
Groombridge 34 A      ;15 A    ;GX And    ;And  ;00 18 22.9 +44 01 23 ; 2.92 ; 81.9  ; 280.727 ; 0.033 ; M 1.5 V     ;  8.12 V   ; y ;Not a SB as previously reported
Groombridge 34 B      ;15 B    ;GQ And    ;And  ;00 18 22.9 +44 01 23 ; 2.92 ; 81.9  ; 280.727 ; 0.033 ; M 3.5 V     ; 11.12 V   ;   ;
G 51-15               ;1111    ;DX Cnc    ;Cnc  ;08 29 49.5 +26 46 37 ; 1.29 ; 242.2 ; 279.28  ; 0.13  ; M 6   V     ; 14.82 V   ;   ;
Epsilon Indi A        ;845     ;          ;Ind  ;22 03 21.7 -56 47 10 ; 4.70 ; 122.7 ; 275.44  ; 0.18  ; K 5   V     ;  4.69 V   ; y ;Massive Jupiterian with SMA of 12.8 A.U.
Epsilon Indi Ba       ;        ;CI Ind    ;Ind  ;22 04 10.5 -56 46 58 ; 4.82 ; 121.1 ; 275.44  ; 0.18  ; T 1   V     ; 24.12 V   ;   ;High dynamical mass: 75.0+-0.82 Mjup (Dieterich+ 2018)
Epsilon Indi Bb       ;        ;          ;Ind  ;22 04 10.5 -56 46 58 ; 4.82 ; 121.1 ; 275.44  ; 0.18  ; T 6   V     ; 13.23 J   ;   ;High dynamical mass: 70.1+-0.68 Mjup (Dieterich+ 2018)
Tau Ceti              ;71      ;          ;Cet  ;01 44 04.1 -15 56 15 ; 1.92 ; 296.4 ; 274.32  ; 0.16  ; G 8.5 V p   ;  3.50 V   ; y ;Possible massive planet in Kervella18
LHS 1565              ;1061    ;          ;Hor  ;03 36 00.0 -44 30 46 ; 0.81 ; 117.3 ; 272.246 ; 0.065 ; M 5   V     ; 13.04 V   ; y ;
Luyten 725-32         ;54.1    ;YZ Cet    ;Cet  ;01 12 30.6 -16 59 57 ; 1.37 ; 61.9  ; 269.363 ; 0.078 ; M 4   V     ; 12.06 V   ; y ;
BD+5 1668             ;273     ;          ;CMi  ;07 27 24.5 +05 13 33 ; 3.74 ; 171.2 ; 266.24  ; 0.67  ; M 3.5 V     ;  9.83 V   ; y ;Luyten's star
Teegarden's star      ;        ;          ;Ari  ;02 53 00.8 +16 52 53 ; 5.11 ; 138.2 ; 260.86  ; 0.24  ; M 6.5 V     ; 15.13 V   ; y ;SO J025300.5+165258
Kapteyn's star        ;191     ;VZ Pic    ;Pic  ;05 11 40.6 -45 01 06 ; 8.67 ; 131.4 ; 254.228 ; 0.026 ; M 2   VI    ;  8.84 V   ; y ;
Lacaille 8760         ;825     ;AX Mic    ;Mic  ;21 17 15.3 -38 52 03 ; 3.46 ; 250.6 ; 251.837 ; 0.056 ; K 9   V     ;  6.69 V   ; y ;Possible planet in Kervella18
SCR J1845-6357 A      ;        ;          ;Pav  ;18 45 02.6 -63 57 52 ; 2.66 ; 76.6  ; 249.98  ; 0.15  ; M 8.5 V     ; 17.40 V   ;   ;
SCR J1845-6357 B      ;        ;          ;Pav  ;18 45 02.6 -63 57 52 ; 2.66 ; 76.6  ; 249.98  ; 0.15  ; T 6   V     ; 13.29 J   ;   ;
Kruger 60 A           ;860 A   ;          ;Cep  ;22 27 59.5 +57 41 45 ; 0.99 ; 241.6 ; 249.41  ; 0.16  ; M 3.5 V     ;  9.61 V   ;   ;
Kruger 60 B           ;860 B   ;DO Cep    ;Cep  ;22 27 59.5 +57 41 45 ; 0.99 ; 241.6 ; 249.41  ; 0.16  ; M 4   V     ; 11.40 V   ;   ;
DENIS J1048-3956      ;        ;          ;Ant  ;10 48 14.7 -39 56 06 ; 1.52 ; 229.6 ; 247.33  ; 0.12  ; M 8.5 V     ; 17.53 V   ;   ;
UGPS J0722-0540       ;        ;          ;Mon  ;07 22 27.3 -05 40 30 ; 0.97 ; 291.3 ; 242.8   ; 2.4   ; T 9   V     ; 16.52 J   ;   ;
Ross 614 A            ;234 A   ;V577 Mon  ;Mon  ;06 29 23.4 -02 48 50 ; 0.93 ; 131.7 ; 242.04  ; 0.31  ; M 4.5 V     ; 11.10 V   ;   ;
Ross 614 B            ;234 B   ;          ;Mon  ;06 29 23.4 -02 48 50 ; 0.93 ; 131.7 ; 242.04  ; 0.31  ; M 5.5 V     ; 14.88 V   ;   ;
Wolf 424 A            ;473 A   ;FL Vir    ;Vir  ;12 33 17.4 +09 01 16 ; 1.81 ; 277.4 ; 232.9   ; 1.9   ; M 5.5 V     ; 13.25 V   ;   ;
Wolf 424 B            ;473 B   ;          ;Vir  ;12 33 17.4 +09 01 16 ; 1.81 ; 277.4 ; 232.9   ; 1.9   ; M 5.5 V     ; 13.93 V   ;   ;
Wolf 1061             ;628     ;V2306 Oph ;Oph  ;16 30 18.1 -12 39 45 ; 1.19 ; 184.5 ; 232.213 ; 0.063 ; M 3.5 V     ; 10.10 V   ; y ;
van Maanen 2          ;35      ;          ;Psc  ;00 49 09.9 +05 23 19 ; 2.98 ; 155.5 ; 231.738 ; 0.038 ; DZ 7.5      ; 12.36 V   ; y ;Wolf 28
CD-37 15492           ;1       ;          ;Scl  ;00 05 24.4 -37 21 27 ; 6.10 ; 112.5 ; 230.134 ; 0.060 ; M 1.5 V     ;  8.56 V   ;   ;
Luyten 1159-16        ;83.1    ;TZ Ari    ;Ari  ;02 00 13.2 +13 03 08 ; 2.10 ; 147.8 ; 223.60  ; 0.10  ; M 4   V     ; 12.28 V   ; y ;
CD-46 11540           ;674     ;          ;Ara  ;17 28 39.9 -46 53 43 ; 1.05 ; 146.9 ; 219.802 ; 0.049 ; M 2.5 V     ;  9.36 V   ; y ;
BD+68 946 AB?         ;687     ;          ;Dra  ;17 36 25.9 +68 20 21 ; 1.31 ; 194.2 ; 219.782 ; 0.032 ; M 3   V c?  ;  9.16 V c?; y ;WDS lists it as a 0.3" binary
LHS 292               ;3622    ;          ;Sex  ;10 48 12.6 -11 20 14 ; 1.64 ; 158.5 ; 218.96  ; 0.15  ; M 6.5 V     ; 15.78 V   ;   ;
LP 145-141            ;440     ;          ;Mus  ;11 45 42.9 -64 50 29 ; 2.69 ; 97.4  ; 215.738 ; 0.032 ; DQ 6        ; 11.49 V   ; y ;Possible planet in Kervella18
G 208-44 (Aa)         ;1245 A  ;V1581 Cyg ;Cyg  ;19 53 54.2 +44 24 55 ; 0.73 ; 143.1 ; 214.690 ; 0.080 ; M 5.5 V     ; 13.46 V   ;   ;
G 208-44 (Ab)         ;        ;          ;Cyg  ;19 53 54.2 +44 24 55 ; 0.73 ; 143.1 ; 214.690 ; 0.080 ; M 7   V     ; 16.75 V   ;   ;
G 208-45 (B)          ;1245 B  ;          ;Cyg  ;19 53 55.2 +44 24 56 ; 0.73 ; 143.1 ; 214.690 ; 0.080 ; M 6   V     ; 14.00 V   ;   ;
Ross 780              ;876     ;IL Aqr    ;Aqr  ;22 53 16.7 -14 15 49 ; 1.17 ; 125.1 ; 213.958 ; 0.071 ; M 3.5 V     ; 10.16 V   ; y ;BD-15 6290
WISE J1741+2553       ;        ;          ;Her  ;17 41 24.2 +25 53 19 ; 1.55 ; 198.6 ; 212.7   ; 2.7   ; T 9   V     ; 16.18 J   ;   ;
WISE J1639-6847       ;        ;          ;TrA  ;16 39 40.8 -68 47 39 ; 3.16 ; 169.3 ; 208.8   ; 2.0   ; Y 0   V p   ; 20.57 J   ;   ;
LHS 288               ;3618    ;          ;Car  ;10 44 31.8 -61 11 38 ; 1.66 ; 348.1 ; 206.840 ; 0.073 ; M 5.5 V     ; 13.90 V   ; y ;
G 158-27              ;1002    ;          ;Cet  ;00 06 43.8 -07 32 22 ; 2.04 ; 203.6 ; 206.22  ; 0.13  ; M 5   V     ; 13.76 V   ;   ;
Groombridge 1618      ;380     ;          ;UMa  ;10 11 22.1 +49 27 15 ; 1.45 ; 249.7 ; 205.393 ; 0.034 ; K 7   V     ;  6.60 V   ; y ;Dubious planet
DENIS J0255-4700      ;        ;          ;Eri  ;02 55 03.6 -47 00 51 ; 1.19 ; 117.5 ; 205.36  ; 0.17  ; L 7.5 V     ; 22.92 V   ;   ;
Lalande 21258 A       ;412 A   ;          ;UMa  ;11 05 28.6 +43 31 36 ; 4.51 ; 282.1 ; 204.11  ; 0.17  ; M 1   V     ;  8.74 V   ;   ;BD+44 2051
Lalande 21258 B       ;412 B   ;WX UMa    ;UMa  ;11 05 30.4 +43 31 18 ; 4.53 ; 281.9 ; 204.11  ; 0.17  ; M 6   V     ; 14.44 V   ;   ;
CD-49 13515           ;832     ;          ;Gru  ;21 33 34.0 -49 00 32 ; 0.82 ; 183.2 ; 201.408 ; 0.043 ; M 1.5 V     ;  8.67 V   ; y ;
BD+20 2465            ;388     ;AD Leo    ;Leo  ;10 19 36.4 +19 52 10 ; 0.51 ; 264.0 ; 201.370 ; 0.068 ; M 2.5 V     ;  9.42 V   ; y ;
Omicron-2 Eridani A   ;166 A   ;          ;Eri  ;04 15 16.3 -07 39 10 ; 4.09 ; 213.2 ; 200.05  ; 0.18  ; K 0.5 V     ;  4.42 V   ; y ;Keid, 40 Eridani
Omicron-2 Eridani B   ;166 B   ;          ;Eri  ;04 15 22.0 -07 39 35 ; 4.07 ; 212.4 ; 200.05  ; 0.18  ; DAP 3.1     ;  9.52 V   ;   ;
Omicron-2 Eridani C   ;166 C   ;DY Eri    ;Eri  ;04 15 22.0 -07 39 35 ; 4.07 ; 212.4 ; 200.05  ; 0.18  ; M 4   V     ; 11.18 V   ;   ;
CD-44 11909 A         ;682     ;          ;Sco  ;17 37 03.7 -44 19 09 ; 1.18 ; 217.1 ; 199.700 ; 0.083 ; M 3   V     ; 11.19 V   ; y ;ST based on MV, listed as Double by Winters+ 2019
CD-44 11909 B         ;        ;          ;Sco  ;17 37 03.7 -44 19 09 ; 1.18 ; 217.1 ; 199.700 ; 0.083 ; M 4   V     ; 12.94 V   ;   ;ST derived from MV
BD+43 4305            ;873     ;EV Lac    ;Lac  ;22 46 49.7 +44 20 02 ; 0.84 ; 236.9 ; 198.012 ; 0.038 ; M 3.5 V     ; 10.04 V   ;   ;
Altair                ;768     ;Alf Aql   ;Aql  ;19 50 47.0 +08 52 06 ; 0.66 ; 54.3  ; 195.40  ; 0.46  ; A 7   IV-V  ;  0.76 V   ;   ;Alpha Aquilae
70 Ophiuchi A         ;702 A   ;V2391 Oph ;Oph  ;18 05 27.3 +02 30 00 ; 0.97 ; 172.6 ; 195.240 ; 0.099 ; K 0   V     ;  4.08 V   ;   ;
70 Ophiuchi B         ;702 B   ;          ;Oph  ;18 05 27.3 +02 30 00 ; 0.97 ; 172.6 ; 195.240 ; 0.099 ; K 4   V     ;  6.16 V   ;   ;
LHS 2077              ;1116 B  ;          ;Cnc  ;08 58 14.9 +19 45 49 ; 0.87 ; 267.7 ; 194.81  ; 0.10  ; M 6   V     ; 14.92 V   ;   ;
LHS 2076              ;1116 A  ;EI Cnc    ;Cnc  ;08 58 14.9 +19 45 43 ; 0.87 ; 267.7 ; 194.81  ; 0.10  ; M 5.5 V     ; 14.06 V   ;   ;
WISE J1506+7027       ;        ;          ;UMi  ;15 06 49.9 +70 27 36 ; 1.62 ; 310.1 ; 193.55  ; 0.94  ; T 6   V     ; 13.56 J   ;   ;
G 99-49               ;3379    ;          ;Ori  ;06 00 03.6 +02 42 20 ; 0.24 ; 108.0 ; 192.068 ; 0.072 ; M 3.5 V     ; 11.31 V   ;   ;
DENIS J0817-6155      ;        ;          ;Car  ;08 17 30.1 -61 55 16 ; 1.15 ; 17.1  ; 191.53  ; 0.60  ; T 6   V     ; 13.61 J   ;   ;
AC+79 3888            ;445     ;          ;Cam  ;11 47 41.4 +78 41 28 ; 0.88 ; 57.1  ; 191.18  ; 0.38  ; M 3.5 V     ; 10.79 V   ;   ;
2MASS J0939-2448 AB?  ;        ;          ;Ant  ;09 39 35.5 -24 48 28 ; 1.19 ; 151.3 ; 188.9   ; 4.1   ; T 8   V c?  ; 15.98 J c?;   ;Double?
WISE J1540-5101       ;        ;          ;Nor  ;15 40 45.7 -51 01 39 ; 1.98 ; 99.7  ; 188.050 ; 0.094 ; M 7   V     ; 15.26 V   ;   ;
LHS 1723              ;3323    ;          ;Eri  ;05 01 57.0 -06 56 47 ; 0.79 ; 226.7 ; 186.89  ; 0.54  ; M 4   V     ; 12.22 V   ; y ;
Wolf 498              ;526     ;          ;Boo  ;13 45 43.8 +14 53 29 ; 2.30 ; 129.3 ; 184.73  ; 0.75  ; M 1   V     ;  8.46 V   ;   ;
Stein 2051 Aab?       ;169.1 A ;          ;Cam  ;04 31 11.8 +58 58 38 ; 2.43 ; 147.6 ; 181.14  ; 0.48  ; M 4   V c?  ; 11.04 V c?;   ;
Stein 2051 B          ;169.1 B ;          ;Cam  ;04 31 11.8 +58 58 38 ; 2.43 ; 147.6 ; 181.14  ; 0.48  ; DC 5        ; 12.43 V   ;   ;
Wolf 294              ;251     ;          ;Gem  ;06 54 49.0 +33 16 05 ; 0.83 ; 241.3 ; 179.67  ; 0.72  ; M 3   V     ; 10.02 V   ; y ;
2MASS J1114-2618      ;        ;          ;Hya  ;11 14 51.3 -26 18 24 ; 3.04 ; 262.7 ; 179.1   ; 1.4   ; T 7.5 V     ; 15.86 J   ;   ;
LP 816-60             ;        ;          ;Cap  ;20 52 33.0 -16 58 29 ; 0.31 ; 275.7 ; 178.124 ; 0.085 ; M 3.5 V     ; 11.46 V   ;   ;
Wolf 1453             ;205     ;          ;Ori  ;05 31 27.4 -03 40 38 ; 2.23 ; 160.0 ; 176.57  ; 0.71  ; M 1   V     ;  7.95 V   ; y ;
LSR J1835+3259        ;        ;          ;Lyr  ;18 35 37.9 +32 59 54 ; 0.76 ; 186.1 ; 176.57  ; 0.19  ; M 8.5 V     ; 18.27 V   ;   ;
2MASS J0415-0935      ;        ;          ;Eri  ;04 15 19.5 -09 35 07 ; 2.26 ; 76.5  ; 175.0   ; 1.4   ; T 8   V     ; 15.70 J   ;   ;
WISE J0350-5658       ;        ;          ;Ret  ;03 50 00.3 -56 58 30 ; 0.87 ; 188.2 ; 174.7   ; 2.4   ; Y 1   V     ; 22.14 J   ;   ;
Sigma Draconis        ;764     ;          ;Dra  ;19 32 21.6 +69 39 40 ; 1.84 ; 161.0 ; 173.78  ; 0.17  ; G 9   V     ;  4.67 V   ; y ;
HD 42581 A            ;229     ;          ;Lep  ;06 10 34.6 -21 51 53 ; 0.73 ; 190.9 ; 172.75  ; 0.28  ; M 1.5 V     ;  8.14 V   ; y ;
HD 42581 B            ;        ;          ;Lep  ;06 10 34.6 -21 51 53 ; 0.73 ; 190.9 ; 172.75  ; 0.28  ; T 6   V     ; 14.32 J   ;   ;
LHS 1047 A            ;1005    ;          ;Cet  ;00 15 28.1 -16 08 02 ; 0.96 ; 130.3 ; 172.7   ; 1.6   ; M 3.5 V     ; 11.60 V   ;   ;
LHS 1047 B            ;        ;          ;Cet  ;00 15 28.1 -16 08 02 ; 0.96 ; 130.3 ; 172.7   ; 1.6   ; M 5.5 V     ; 14.02 V   ;   ;
Ross 47               ;213     ;V1352 Ori ;Ori  ;05 42 09.3 +12 29 22 ; 2.54 ; 128.2 ; 171.23  ; 0.64  ; M 4   V     ; 11.57 V   ;   ;
LHS 60                ;754     ;          ;Tel  ;19 20 48.0 -45 33 27 ; 2.94 ; 167.3 ; 170.40  ; 0.58  ; M 4   V     ; 12.23 V   ; y ;
HD 131976 (A)         ;570 A   ;KX Lib    ;Lib  ;14 57 28.0 -21 24 56 ; 2.01 ; 149.1 ; 170.39  ; 0.62  ; K 4   V     ;  5.64 V   ;   ;
HD 131976 (Ba)        ;570 B   ;          ;Lib  ;14 57 26.5 -21 24 41 ; 1.94 ; 149.4 ; 170.39  ; 0.62  ; M 1.5 V     ;  8.30 V   ;   ;
HD 131976 (Bb)        ;        ;          ;Lib  ;14 57 26.5 -21 24 41 ; 1.94 ; 149.4 ; 170.39  ; 0.62  ; M 3   V     ;  9.96 V   ;   ;
2MASS J1457-2121 (C)  ;        ;          ;Lib  ;14 57 15.0 -21 21 50 ; 2.01 ; 149.1 ; 170.39  ; 0.62  ; T 7   V     ; 15.32 J   ;   ;
LHS 454               ;693     ;          ;Pav  ;17 46 34.2 -57 19 09 ; 1.76 ; 219.6 ; 169.86  ; 0.12  ; M 3   V     ; 10.76 V   ;   ;
Wolf 1055 (A)         ;752 A   ;V1428 Aql ;Aql  ;19 16 55.3 +05 10 08 ; 1.45 ; 203.5 ; 169.67  ; 0.19  ; M 2.5 V     ;  9.10 V   ; y ;
van Biesbr. 10 (B)    ;752 B   ;V1298 Aql ;Aql  ;19 16 58.3 +05 09 01 ; 1.46 ; 203.1 ; 169.67  ; 0.19  ; M 8   V     ; 17.45 V   ;   ;
WISE J1541-2250       ;        ;          ;Lib  ;15 41 51.6 -22 50 25 ; 0.90 ; 264.4 ; 169.6   ; 1.8   ; Y 1   V     ; 21.38 J   ;   ;
BD+1 4774             ;908     ;BR Psc    ;Psc  ;23 49 12.5 +02 24 04 ; 1.39 ; 134.2 ; 168.98  ; 0.36  ; M 1   V     ;  8.98 V   ;   ;
CD-40 9712            ;588     ;          ;Lup  ;15 32 12.9 -41 16 32 ; 1.56 ; 228.9 ; 168.72  ; 0.51  ; M 2.5 V     ;  9.31 V   ; y ;
Eta Cassiopeiae A     ;34 A    ;          ;Cas  ;00 49 06.3 +57 48 55 ; 1.22 ; 117.2 ; 168.30  ; 0.46  ; G 3   V     ;  3.46 V   ;   ;
Eta Cassiopeiae B     ;34 B    ;          ;Cas  ;00 49 06.3 +57 48 55 ; 1.22 ; 117.2 ; 168.30  ; 0.46  ; K 7   V     ;  7.21 V   ;   ;
36 Ophiuchi A         ;663 A   ;          ;Oph  ;17 15 21.0 -26 36 10 ; 1.24 ; 202.5 ; 168.12  ; 0.40  ; K 1   V     ;  5.07 V   ;   ;
36 Ophiuchi B         ;663 B   ;          ;Oph  ;17 15 21.0 -26 36 10 ; 1.24 ; 202.5 ; 168.12  ; 0.40  ; K 0   V     ;  5.08 V   ;   ;
36 Ophiuchi C         ;664     ;V2215 Oph ;Oph  ;17 16 13.4 -26 32 46 ; 1.22 ; 203.1 ; 168.12  ; 0.40  ; K 5   V     ;  6.32 V   ;   ;
Ross 882              ;285     ;YZ CMi    ;CMi  ;07 44 40.2 +03 33 09 ; 0.57 ; 217.4 ; 167.019 ; 0.059 ; M 4   V     ; 11.19 V   ;   ;
HD 191408 (A)         ;783 A   ;          ;Sgr  ;20 11 11.9 -36 06 04 ; 1.64 ; 163.8 ; 166.26  ; 0.27  ; K 2.5 V     ;  5.31 V   ;   ;
LHS 487 (B)           ;783 B   ;          ;Sgr  ;20 11 11.9 -36 06 04 ; 1.64 ; 163.8 ; 166.26  ; 0.27  ; M 4   V     ; 11.5  V   ;   ;
82 G. Eridani         ;139     ;          ;Eri  ;03 19 55.6 -43 04 11 ; 3.12 ; 76.6  ; 165.47  ; 0.19  ; G 8   V     ;  4.26 V   ; y ;
Ross 986 A            ;268     ;QY Aur    ;Aur  ;07 10 01.8 +38 31 46 ; 1.04 ; 204.9 ; 164.62  ; 0.13  ; M 4.5 V     ; 12.05 V   ;   ;
Ross 986 B            ;        ;          ;Aur  ;07 10 01.8 +38 31 46 ; 1.04 ; 204.9 ; 164.62  ; 0.13  ; M 5   V     ; 12.45 V   ;   ;
Delta Pavonis         ;780     ;          ;Pav  ;20 08 43.6 -66 10 55 ; 1.66 ; 133.0 ; 163.71  ; 0.17  ; G 8   IV    ;  3.55 V   ;   ;
2MASS J0937+2931      ;        ;          ;Leo  ;09 37 34.9 +29 31 41 ; 1.62 ; 143.1 ; 163.3   ; 1.6   ; T 6   V p   ; 14.65 J   ;   ;
WISE J0254+0223       ;        ;          ;Cet  ;02 54 07.9 +02 23 56 ; 2.55 ; 275.5 ; 162.6   ; 4.2   ; T 8   V     ; 16.14 J   ;   ;PSO J043.5395+02.3995
SIMP J0136+0933       ;        ;          ;Psc  ;01 36 56.6 +09 33 47 ; 1.24 ; 90.2  ; 162.09  ; 0.57  ; T 2.5 V     ; 13.46 J   ;   ;
HD 191849             ;784     ;          ;Tel  ;20 13 53.4 -45 09 50 ; 0.79 ; 101.6 ; 162.05  ; 0.45  ; M 0   V     ;  7.95 V   ; y ;
LHS 455               ;1221    ;          ;Dra  ;17 48 06.7 +70 52 29 ; 1.65 ; 311.0 ; 160.982 ; 0.014 ; DXP 9       ; 14.22 V   ;   ;
BD-11 3759            ;555     ;HN Lib    ;Lib  ;14 34 16.8 -12 31 10 ; 0.69 ; 329.0 ; 160.01  ; 0.74  ; M 4   V     ; 11.32 V   ; y ;
BD+19 5116 Aab        ;896 A   ;          ;Peg  ;23 31 52.2 +19 56 14 ; 0.56 ; 96.4  ; 159.9   ; 1.5   ; M 3.5 V c   ; 10.27 V c ;   ;Per= 4.083 d, MAa= >=0.271 MSun, MAb= >=0.218 MSun, (Cassy+, 2013)
BD+19 5116 Bab        ;896 B   ;EQ Peg    ;Peg  ;23 31 52.2 +19 56 14 ; 0.56 ; 96.4  ; 159.9   ; 1.5   ; M 4.5 V c   ; 12.21 V c ;   ;Per= 1.795 d, MBa= 0.29: MSun, MBb= >=0.056 MSun, (Cassy+, 2013)
HD 79210 Aab?         ;338 A   ;          ;UMa  ;09 14 22.8 +52 41 12 ; 1.63 ; 249.8 ; 158.99  ; 0.38  ; K 9   V c?  ;  7.64 V c?;   ;
HD 79211              ;338 B   ;          ;UMa  ;09 14 24.7 +52 41 11 ; 1.68 ; 247.1 ; 158.99  ; 0.38  ; K 9   V     ;  7.70 V   ;   ;
Wolf 562              ;581     ;HO lib    ;Lib  ;15 19 26.8 -07 43 20 ; 1.23 ; 265.4 ; 158.78  ; 0.33  ; M 3   V     ; 10.57 V   ; y ;
2MASS J1503+2525      ;        ;          ;Boo  ;15 03 19.6 +25 25 20 ; 0.55 ; 8.2   ; 157.2   ; 2.2   ; T 6   V     ; 13.94 J   ;   ;
HD 155876 A           ;661 A   ;          ;Her  ;17 12 07.9 +45 39 57 ; 1.62 ; 168.4 ; 157.1   ; 1.2   ; M 3   V     ;  9.93 V   ;   ;
HD 155876 B           ;661 B   ;          ;Her  ;17 12 07.9 +45 39 57 ; 1.62 ; 168.4 ; 157.1   ; 1.2   ; M 3   V     ; 10.35 V   ;   ;
LHS 2090              ;        ;          ;Cnc  ;09 00 23.5 +21 50 05 ; 0.79 ; 220.5 ; 156.76  ; 0.13  ; M 6   V     ; 16.10 V   ;   ;
G 99-44               ;223.2   ;          ;Ori  ;05 55 09.7 -04 10 17 ; 2.38 ; 166.6 ; 156.01  ; 0.75  ; DZ 9        ; 14.47 V   ;   ;
LP 944-20             ;        ;          ;For  ;03 39 35.2 -35 25 41 ; 0.44 ; 47.6  ; 155.50  ; 0.52  ; M 9   V     ; 18.69 V   ;   ;
G 12-30               ;1156    ;GL Vir    ;Vir  ;12 19 00.3 +11 07 31 ; 1.30 ; 279.1 ; 154.51  ; 0.11  ; M 5   V     ; 13.80 V   ;   ;
Wolf 630 (A)          ;644 A   ;V1054 Oph ;Oph  ;16 55 28.8 -08 20 11 ; 1.21 ; 223.3 ; 154.00  ; 0.22  ; M 2.5 V     ;  9.36 V   ;   ;
Wolf 630 (Ba)         ;644 B   ;          ;Oph  ;16 55 28.8 -08 20 11 ; 1.21 ; 223.3 ; 154.00  ; 0.22  ; M 3   V     ;  9.98 V   ;   ;
Wolf 630 (Bb)         ;        ;          ;Oph  ;16 55 28.8 -08 20 11 ; 1.21 ; 223.3 ; 154.00  ; 0.22  ; M 3.5 V     ; 10.32 V   ;   ;
van Biesbr. 8 (C)     ;644 C   ;          ;Oph  ;16 55 35.8 -08 23 40 ; 1.19 ; 222.5 ; 154.00  ; 0.22  ; M 7   V     ; 16.78 V   ;   ;
Wolf 629 (D)          ;643     ;          ;Oph  ;16 55 25.2 -08 19 21 ; 1.21 ; 222.3 ; 154.00  ; 0.22  ; M 3.5 V     ; 11.80 V   ;   ;
G 202-48              ;625     ;          ;Dra  ;16 25 24.6 +54 18 15 ; 0.46 ; 111.5 ; 153.82  ; 0.50  ; M 1.5 V     ; 10.10 V   ; y ;
LHS 271               ;1128    ;          ;Car  ;09 42 46.4 -68 53 06 ; 1.02 ; 109.5 ; 153.42  ; 0.39  ; M 4   V     ; 12.74 V   ;   ;
WISE J0313+7807       ;        ;          ;Cep  ;03 13 26.0 +78 07 44 ; 0.15 ; 91.6  ; 153     ;15     ; T 8.5 V     ; 17.67 J   ;   ;
WISE J2209+2711       ;        ;          ;Peg  ;22 09 05.7 +27 11 44 ; 1.37 ; 132.0 ; 152.9   ; 5.0   ; Y 0   V     ; 22.72 J   ;   ;Or Y 1, very uncertain pm (AllWISE)
HD 219134             ;892     ;          ;Cas  ;23 13 17.0 +57 10 06 ; 2.10 ; 81.9  ; 152.83  ; 0.28  ; K 3   V     ;  5.54 V   ; y ;HR 8832
WISE J0410+1502       ;        ;          ;Tau  ;04 10 22.8 +15 02 47 ; 2.43 ; 156.7 ; 152.6   ; 3.3   ; Y 0   V     ; 19.41 J   ;   ;
WISE J1405+5534       ;        ;          ;UMa  ;14 05 18.3 +55 34 21 ; 2.28 ; 277.3 ; 150.9   ; 4.7   ; Y 0.5 V     ; 21.06 J   ;   ;
LHS 337               ;3737    ;          ;Cen  ;12 38 49.1 -38 22 53 ; 1.51 ; 202.1 ; 149.14  ; 0.54  ; M 4   V     ; 12.75 V   ;   ;
WISE J0720-0846 A     ;        ;          ;Mon  ;07 20 02.2 -08 47 00 ; 0.12 ; 199.3 ; 148.8   ; 1.1   ; M 9.5 V     ; 18.50 V   ;   ;Scholz's star
WISE J0720-0846 B     ;        ;          ;Mon  ;07 20 02.2 -08 47 00 ; 0.12 ; 199.3 ; 148.8   ; 1.1   ; T 5   V     ; 13.93 J   ;   ;Delta_J= 3.3 +-0.2
Ksi Bootis A          ;566 A   ;          ;Boo  ;14 51 23.4 +19 06 02 ; 0.17 ; 115.0 ; 148.55  ; 0.40  ; G 8   V     ;  4.70 V   ;   ;
Ksi Bootis B          ;566 B   ;          ;Boo  ;14 51 23.4 +19 06 02 ; 0.17 ; 115.0 ; 148.55  ; 0.40  ; K 4   V     ;  6.97 V   ;   ;
Ross 104              ;408     ;          ;Leo  ;11 00 04.3 +22 49 59 ; 0.51 ; 236.7 ; 148.128 ; 0.057 ; M 2.5 V     ; 10.02 V   ;   ;
G 41-14 A             ;3522    ;          ;Cnc  ;08 58 56.1 +08 28 28 ; 0.46 ; 134.2 ; 148.0   ; 2.0   ; M 3.5 V     ; 11.94 V   ;   ;
G 41-14 B             ;        ;          ;Cnc  ;08 58 56.1 +08 28 28 ; 0.46 ; 134.2 ; 148.0   ; 2.0   ; M 3.5 V     ; 12.14 V   ;   ;
G 41-14 C             ;        ;          ;Cnc  ;08 58 56.1 +08 28 28 ; 0.46 ; 134.2 ; 148.0   ; 2.0   ; M 3.5 V     ; 12.28 V   ;   ;
Ross 775 A            ;829     ;          ;Peg  ;21 29 36.8 +17 38 36 ; 1.08 ; 69.5  ; 147.613 ; 0.098 ; M 3.5 V     ; 11.05 V   ;   ;All equal. Not a typo.
Ross 775 B            ;        ;          ;Peg  ;21 29 36.8 +17 38 36 ; 1.08 ; 69.5  ; 147.613 ; 0.098 ; M 3.5 V     ; 11.05 V   ;   ;All equal. Not a typo.
Ross 619              ;299     ;          ;Cnc  ;08 11 57.5 +08 46 28 ; 5.21 ; 167.1 ; 147.12  ; 0.44  ; M 4   V     ; 12.82 V   ;   ;
Ross 671              ;880     ;          ;Peg  ;22 56 34.8 +16 33 12 ; 1.07 ; 254.7 ; 146.07  ; 0.45  ; M 1.5 V     ;  8.66 V   ; y ;
BD-17 588 A           ;3193    ;          ;Eri  ;03 01 51.4 -16 35 36 ; 0.47 ; 229.7 ; 145.55  ; 0.08  ; M 2.5 V     ; 11.22 V   ; y ;
BD-17 588 Ba          ;3192 A  ;          ;Eri  ;03 01 51.1 -16 35 31 ; 0.47 ; 229.7 ; 145.55  ; 0.08  ; M 3.5 V     ; 11.78 V   ;   ;
BD-17 588 Bb          ;3192 B  ;          ;Eri  ;03 01 51.1 -16 35 31 ; 0.47 ; 229.7 ; 145.55  ; 0.08  ; M 4   V     ; 12.64 V   ;   ;
WISE J1928+2356       ;        ;          ;Vul  ;19 28 41.4 +23 56 05 ; 0.99 ; 253.7 ; 145.1   ; 5.2   ; T 6   V     ; 14.34 J   ;   ;
WISE J0825+2805       ;        ;          ;Cnc  ;08 25 07.4 +28 05 48 ; 0.50 ; 138.0 ; 144.3   ; 3.7   ; Y 0.5 V     ; 22.4  J   ;   ;PM is very uncertain
Wolf 358              ;402     ;EE Leo    ;Leo  ;10 50 52.1 +06 48 29 ; 1.15 ; 225.1 ; 143.99  ; 0.65  ; M 4   V     ; 11.67 V   ;   ;
LHS 2272              ;393     ;          ;Sex  ;10 28 55.6 +00 50 28 ; 0.95 ; 219.6 ; 142.189 ; 0.050 ; M 2.5 V     ;  9.64 V   ; y ;
HD 199305             ;809     ;          ;Cep  ;20 53 19.8 +62 09 16 ; 0.77 ; 179.9 ; 142.06  ; 0.28  ; M 2   V     ;  8.60 V   ;   ;
LSPM J2146+3813 A     ;        ;          ;Cyg  ;21 46 22.1 +38 13 05 ; 0.21 ; 125.8 ; 142.052 ; 0.051 ; M 4   V     ; 12.32 V c ;   ;M= 0.24 +-0.08 MSun
LSPM J2146+3813 B     ;        ;          ;Cyg  ;21 46 22.1 +38 13 05 ; 0.21 ; 125.8 ; 142.052 ; 0.051 ; M 5.5 V     ; 12.32 V c ;   ;M= 0.12 +-0.03 MSun, ST derived from mass
LHS 3003              ;3877    ;          ;Hya  ;14 56 38.5 -28 09 51 ; 0.96 ; 210.1 ; 141.37  ; 0.52  ; M 7   V     ; 17.05 V   ;   ;
WISE J0005+3737       ;        ;          ;And  ;00 05 17.5 +37 37 20 ; 0.62 ; 113.7 ; 141     ;46     ; T 9   V     ; 18.33 J   ;   ;
LHS 22                ;1068    ;          ;Dor  ;04 10 28.2 -53 36 08 ; 3.77 ; 223.3 ; 140.556 ; 0.035 ; M 4.5 V     ; 13.62 V   ;   ;
WISE J2056+1459       ;        ;          ;Del  ;20 56 28.9 +14 59 54 ; 0.91 ; 56.7  ; 140.3   ; 3.2   ; Y 0   V     ; 19.36 J   ;   ;
WISE J0521+1025       ;        ;          ;Ori  ;05 21 26.3 +10 25 27 ; 0.48 ; 151.0 ; 139.7   ; 4.8   ; T 7.5 V     ; 15.26 J   ;   ;
LHS 546               ;1286    ;          ;Psc  ;23 35 10.5 -02 23 21 ; 1.28 ; 138.4 ; 139.36  ; 0.53  ; M 5.5 V     ; 14.69 V   ;   ;
HD 16160 A            ;105 A   ;          ;Cet  ;02 36 04.9 +06 53 13 ; 2.31 ; 51.4  ; 138.79  ; 0.43  ; K 3   V     ;  5.82 V   ;   ;
HD 16160 B            ;105 B   ;BX Cet    ;Cet  ;02 36 15.4 +06 52 19 ; 2.32 ; 51.4  ; 138.79  ; 0.43  ; M 4.5 V     ; 11.66 V   ;   ;
HD 16160 C            ;        ;          ;Cet  ;02 36 04.7 +06 53 15 ; 2.31 ; 51.4  ; 138.79  ; 0.43  ; M 6.5 V     ; 16.77 V   ;   ;
WISE J0607+2429       ;        ;          ;Gem  ;06 07 39.1 +24 29 57 ; 0.57 ; 234.9 ; 138.55  ; 0.77  ; L 9   V     ; 14.22 J   ;   ;
HD 156384 (Aa)        ;667 A   ;          ;Sco  ;17 18 57.2 -34 59 23 ; 1.13 ; 93.9  ; 138.54  ; 0.66  ; K 3   V     ;  6.29 V   ;   ;
HD 156384 (Ab)        ;667 B   ;          ;Sco  ;17 18 57.2 -34 59 23 ; 1.13 ; 93.9  ; 138.54  ; 0.66  ; K 5   V     ;  7.24 V   ;   ;
LHS 443 (C)           ;667 C   ;          ;Sco  ;17 18 58.8 -34 59 49 ; 1.17 ; 100.5 ; 138.54  ; 0.66  ; M 1.5 V     ; 10.22 V   ; y ;
2MASS J0835-0819      ;        ;V488 Hya  ;Hya  ;08 35 42.6 -08 19 24 ; 0.59 ; 298.8 ; 137.85  ; 0.32  ; L 5   V     ; 21.00 V   ;   ;J= 13.17
LHS 3799              ;4274    ;          ;Aqr  ;22 23 07.0 -17 36 25 ; 0.93 ; 164.5 ; 137.59  ; 0.48  ; M 4   V     ; 13.25 V   ;   ;
WISE J0049+2151       ;        ;          ;And  ;00 49 45.6 +21 51 20 ; 0.98 ; 292.5 ; 137     ;36     ; T 8.5 V     ; 16.72 J   ;   ;
2MASS J1507-1627      ;        ;          ;Lib  ;15 07 47.7 -16 27 39 ; 0.88 ; 186.0 ; 136.15  ; 0.26  ; L 5   V     ; 22.14 V   ;   ;
G 203-47 A            ;3991    ;          ;Her  ;17 09 31.5 +43 40 53 ; 0.44 ; 130.1 ; 134.60  ; 0.49  ; M 3.5 V     ; 11.78 V c ;   ;Post common env system
G 203-47 B            ;        ;          ;Her  ;17 09 31.5 +43 40 53 ; 0.44 ; 130.1 ; 134.60  ; 0.49  ; DA          ; 11.78 V c ;   ;Post common env system
HD 4628               ;33      ;          ;Psc  ;00 48 23.0 +05 16 50 ; 1.37 ; 146.4 ; 134.26  ; 0.49  ; K 2.5 V     ;  5.74 V   ;   ;
LHS 3746              ;4248    ;          ;Gru  ;22 02 29.4 -37 04 51 ; 0.97 ; 110.3 ; 134.2   ; 1.3   ; M 3.5 V     ; 11.8  V   ;   ;
Beta Hydri            ;19      ;          ;Hyi  ;00 25 45.1 -77 15 15 ; 2.24 ; 81.7  ; 134.07  ; 0.11  ; G 2   IV    ;  2.80 V   ; y ;Dubious planet
107 Piscium           ;68      ;          ;Psc  ;01 42 30.2 +20 16 07 ; 0.75 ; 203.5 ; 132.76  ; 0.49  ; K 1   V     ;  5.22 V   ;   ;
Mu Cassiopeiae A      ;53 A    ;          ;Cas  ;01 08 16.7 +54 55 11 ; 3.77 ; 114.7 ; 132.57  ; 0.57  ; G 5   VI    ;  5.17 V   ;   ;Marfak (west)
Mu Cassiopeiae B      ;53 B    ;          ;Cas  ;01 08 16.7 +54 55 11 ; 3.77 ; 114.7 ; 132.57  ; 0.57  ; M 3.5 VI    ; 11.71 V   ;   ;
WISE J1738+2732       ;        ;          ;Her  ;17 38 35.5 +27 32 59 ; 1.14 ; 148.1 ; 131.9   ; 3.3   ; Y 0   V     ; 19.92 J   ;   ;
BD+11 2576            ;514     ;          ;Vir  ;13 29 59.9 +10 22 38 ; 1.55 ; 134.3 ; 131.76  ; 0.98  ; M 1   V     ;  9.05 V   ; y ;
Fomalhaut (B)         ;879     ;TW PsA    ;PsA  ;22 56 23.6 -31 33 53 ; 0.36 ; 114.6 ; 131.438 ; 0.086 ; K 5   V     ;  6.48 V   ; y?;Poss Jovian planet detected by astrometry: M= 1.2 +0.7 -0.6 MJ, Per= 25 +52-21 y (de Rosa, 2019)
G 141-36              ;        ;          ;Aql  ;18 48 17.5 +07 41 21 ; 0.45 ; 56.8  ; 131.199 ; 0.079 ; M 5   V     ; 14.63 V   ;   ;
WISE J2000+3629       ;        ;          ;Cyg  ;20 00 50.2 +36 29 50 ; 0.60 ; 250.0 ; 130.8   ; 2.9   ; T 8   V     ; 15.44 J   ;   ;PM is very uncertain
LHS 3376              ;4053    ;          ;Dra  ;18 18 57.3 +66 11 33 ; 0.63 ; 135.3 ; 130.772 ; 0.044 ; M 4.5 V     ; 13.48 V   ;   ;LSPM J1818+6611
LP 876-10 (C)         ;        ;          ;Aqr  ;22 48 04.5 -24 22 08 ; 0.38 ; 118.0 ; 130.303 ; 0.075 ; M 4   V     ; 12.62 V   ; y ;Fomalhaut C, dust + comets
G 36-31               ;109     ;VX Ari    ;Ari  ;02 44 15.6 +25 31 21 ; 0.92 ; 113.8 ; 130.187 ; 0.061 ; M 3.5 V     ; 10.57 V   ;   ;
Vega                  ;721     ;          ;Lyr  ;18 36 56.7 +38 47 03 ; 0.35 ; 35.2  ; 129.88  ; 0.32  ; A 0   V     ;  0.03 V   ; y ;Alpha Lyrae
Fomalhaut (A)         ;881     ;          ;PsA  ;22 57 39.6 -29 37 22 ; 0.37 ; 115.6 ; 129.85  ; 0.47  ; A 3   V     ;  1.16 V   ; y ;Alpha Piscis Austrini, debris disk
LHS 1070 A            ;2005    ;          ;Scl  ;00 24 44.2 -27 08 25 ; 0.61 ; 354.9 ; 129.8   ; 2.4   ; M 5.5 V     ; 15.35 V   ;   ;
LHS 1070 B            ;        ;          ;Scl  ;00 24 44.2 -27 08 25 ; 0.61 ; 354.9 ; 129.8   ; 2.4   ; M 8.5 V     ; 18.68 V   ;   ;
LHS 1070 C            ;        ;          ;Scl  ;00 24 44.2 -27 08 25 ; 0.61 ; 354.9 ; 129.8   ; 2.4   ; M 9.5 V     ; 19.07 V   ;   ;
LHS 1805              ;3378    ;          ;Cam  ;06 01 11.1 +59 35 51 ; 0.65 ; 200.0 ; 129.459 ; 0.080 ; M 3.5 V     ; 11.71 V   ;   ;LSPM J0601+5935
HD 165222             ;701     ;          ;Ser  ;18 05 07.2 -03 01 54 ; 0.64 ; 121.1 ; 129.392 ; 0.061 ; M 2   V     ;  9.38 V   ;   ;
HD 157881             ;673     ;          ;Oph  ;17 25 45.4 +02 06 38 ; 1.32 ; 206.1 ; 129.34  ; 0.24  ; K 7   V     ;  7.53 V   ;   ;
LHS 223               ;1093    ;          ;Gem  ;06 59 28.4 +19 20 52 ; 1.22 ; 137.3 ; 129.00  ; 0.17  ; M 5   V     ; 14.83 V   ;   ;
SIPS J1259-4336       ;        ;          ;Cen  ;12 59 04.7 -43 36 24 ; 1.13 ; 104.0 ; 128.60  ; 0.68  ; M 8   V     ; 17.5  V   ;   ;
G 227-22              ;        ;          ;Dra  ;18 02 16.6 +64 15 44 ; 0.43 ; 151.6 ; 128.487 ; 0.058 ; M 5.5 V     ; 13.51 V   ;   ;LP 71-82, PM I18022+6415, overluminous
LHS 1208 A            ;54      ;          ;Tuc  ;01 10 22.9 -67 26 40 ; 0.72 ; 34.0  ; 128.2   ; 1.9   ; M 2   V     ;  9.64 V   ;   ;ST derived from MV
LHS 1208 B            ;        ;          ;Tuc  ;01 10 22.9 -67 26 40 ; 0.72 ; 34.0  ; 128.2   ; 1.9   ; M 3   V     ; 10.87 V   ;   ;ST derived from MV
CD-44 3045 A          ;257 A   ;          ;Pup  ;06 57 46.4 -44 17 30 ; 1.13 ; 265.0 ; 126.33  ; 0.76  ; M 4   V     ; 11.59 V   ;   ;
CD-44 3045 B          ;257 B   ;          ;Pup  ;06 57 46.4 -44 17 30 ; 1.13 ; 265.0 ; 126.33  ; 0.76  ; M 4   V     ; 11.61 V   ;   ;
BD-3 2870             ;382     ;AN Sex    ;Sex  ;10 12 17.3 -03 44 44 ; 0.28 ; 214.1 ; 126.1   ; 1.8   ; M 2   V     ;  9.26 V   ;   ;
LHS 3359              ;1224    ;          ;Ser  ;18 07 32.9 -15 57 51 ; 0.66 ; 238.2 ; 125.43  ; 0.56  ; M 4.5 V     ; 13.63 V   ;   ;
LHS 417 A             ;623     ;          ;Her  ;16 24 09.9 +48 21 12 ; 1.23 ; 111.6 ; 125.13  ; 0.82  ; M 3   V     ; 10.26 V   ;   ;
LHS 417 B             ;        ;          ;Her  ;16 24 09.9 +48 21 12 ; 1.23 ; 111.6 ; 125.13  ; 0.82  ; M 6   V     ; 15.57 V   ;   ;
Wolf 922 A            ;831 A   ;BB Cap    ;Cap  ;21 31 18.9 -09 47 22 ; 1.19 ; 90.8  ; 125.1   ; 2.1   ; M 4.5 V     ; 10.99 V   ;   ;
Wolf 922 B            ;831 B   ;          ;Cap  ;21 31 18.9 -09 47 22 ; 1.19 ; 90.8  ; 125.1   ; 2.1   ; M 5   V     ; 13.15 V   ;   ;
SCR J0740-4257        ;        ;          ;Pup  ;07 40 11.8 -42 57 41 ; 0.71 ; 318.2 ; 125.077 ; 0.056 ; M 4.5 V     ; 13.81 V   ;   ;
G 99-47               ;1087    ;V1201 Ori ;Ori  ;05 56 25.4 +05 21 46 ; 1.06 ; 207.0 ; 125.0   ; 3.6   ; DAP 9       ; 14.10 V   ;   ;
WISE J1800+0134       ;        ;          ;Oph  ;18 00 26.6 +01 34 53 ; 0.42 ; 153.8 ; 124.9   ; 3.2   ; L 7.5 V     ; 14.30 J   ;   ;
LHS 316 AB            ;1151    ;          ;UMa  ;11 50 58.4 +48 22 36 ; 1.82 ; 237.5 ; 124.8   ; 2.1   ; M 4.5 V c   ; 13.26 V c ;   ;
Chi Draconis A        ;713 AB  ;          ;Dra  ;18 21 02.9 +72 43 58 ; 0.63 ; 124.4 ; 124.41  ; 0.44  ; F 7   V     ;  3.68 V   ;   ;
Chi Draconis B        ;        ;          ;Dra  ;18 21 02.9 +72 43 58 ; 0.63 ; 124.4 ; 124.41  ; 0.44  ; K 0   V     ;  5.67 V   ;   ;
LHS 340               ;480.1   ;          ;Cen  ;12 40 49.0 -43 34 17 ; 1.05 ; 311.7 ; 124.25  ; 0.10  ; M 3   V     ; 12.24 V   ;   ;
LHS 3558              ;793     ;          ;Cep  ;20 30 31.9 +65 27 01 ; 0.53 ; 57.9  ; 124.20  ; 0.36  ; M 3   V     ; 10.68 V   ;   ;
BD+18 3421            ;686     ;          ;Her  ;17 37 53.7 +18 35 32 ; 1.36 ; 43.2  ; 124.2   ; 1.5   ; M 1   V     ;  9.58 V   ; y ;
2MASS J2148+4003      ;        ;          ;Cyg  ;21 48 16.3 +40 03 59 ; 0.89 ; 59.4  ; 124.18  ; 0.39  ; L 6.5 V p   ; 14.15 J   ;   ;Young obj in Argus assoc, rogue planet? mass = 6-7 MJ
BPM 4719              ;293     ;          ;Vol  ;07 53 14.6 -67 47 32 ; 2.04 ; 135.6 ; 124.0   ; 1.1   ; DQ 9        ; 14.08 V   ;   ;
Pi-3 Orionis          ;178     ;          ;Ori  ;04 49 50.0 +06 57 38 ; 0.46 ; 88.1  ; 123.93  ; 0.17  ; F 6   V     ;  3.16 V   ;   ;
Wolf 437              ;486     ;          ;Vir  ;12 47 57.1 +09 45 12 ; 1.08 ; 246.8 ; 123.87  ; 0.58  ; M 4   V     ; 11.40 V   ;   ;
G 13-22 A             ;1154 AB ;          ;Vir  ;12 14 16.6 +00 37 17 ; 0.99 ; 253.0 ; 123.77  ; 0.11  ; M 5   V     ; 14.02 V   ;   ;
G 13-22 B             ;        ;          ;Vir  ;12 14 16.6 +00 37 17 ; 0.99 ; 253.0 ; 123.77  ; 0.11  ; M 5.5 V     ; 15.02 V   ;   ;ST derived from MV
p Eridani A           ;66 A    ;          ;Eri  ;01 39 47.5 -56 11 42 ; 0.28 ; 84.6  ; 123.55  ; 0.50  ; K 2   V     ;  5.80 V   ;   ;
p Eridani B           ;66 B    ;          ;Eri  ;01 39 47.5 -56 11 42 ; 0.28 ; 84.6  ; 123.55  ; 0.50  ; K 3   V     ;  5.90 V   ;   ;
LHS 4003              ;1289    ;          ;And  ;23 43 06.7 +36 32 14 ; 0.94 ; 98.3  ; 123.5   ; 2.5   ; M 4   V     ; 12.67 V   ;   ;
LHS 1989              ;300     ;          ;Pup  ;08 12 40.8 -21 33 10 ; 0.71 ; 177.5 ; 123.28  ; 0.44  ; M 3.5 V     ; 12.07 V   ; y ;
LHS 1005              ;915     ;          ;Phe  ;00 02 10.4 -43 09 58 ; 0.92 ; 137.7 ; 122.4   ; 1.1   ; DAP 5.8     ; 12.76 V   ;   ;
2MASS J0729-3954      ;        ;          ;Pup  ;07 29 00.0 -39 54 04 ; 1.74 ; 341.0 ; 122.3   ; 7.6   ; T 8   V p   ; 15.92 J   ;   ;
UGPS J0521+3640       ;        ;          ;Aur  ;05 21 26.9 +36 41 00 ; 1.59 ; 161.2 ; 122     ;17     ; T 8.5 V     ; 16.94 J   ;   ;
HD 217357             ;884     ;          ;Aqr  ;23 00 15.8 -22 31 26 ; 0.91 ; 274.1 ; 121.99  ; 0.28  ; K 7   V     ;  7.89 V   ;   ;
L 173-19              ;        ;          ;Eri  ;02 00 38.3 -55 58 05 ; 0.14 ; 120.2 ; 121.738 ; 0.056 ; M 4   V     ; 11.88 V   ;   ;
Wolf 461              ;493.1   ;FN Vir    ;Vir  ;13 00 33.9 +05 41 09 ; 0.97 ; 284.4 ; 121.5   ; 1.7   ; M 5   V     ; 13.37 V   ;   ;
Wolf 489              ;518     ;          ;Vir  ;13 36 32.6 +03 40 49 ; 3.87 ; 253.6 ; 121.4   ; 3.4   ; DZ 9        ; 14.66 V   ;   ;
Ross 318              ;48      ;          ;Cas  ;01 02 32.6 +71 40 49 ; 1.78 ; 101.2 ; 121.36  ; 0.34  ; M 3   V     ; 10.0  V   ;   ;
TYC 3980-1081-1 (A)   ;        ;          ;Cep  ;21 51 38.3 +59 17 38 ; 0.11 ; 310.9 ; 121.26  ; 0.94  ; M 3   V     ; 10.50 V   ;   ;
LHS 1963              ;1105    ;          ;Lyn  ;07 58 13.0 +41 18 14 ; 0.68 ; 163.0 ; 120.8   ; 1.9   ; M 3.5 V     ; 12.04 V   ;   ;
SCR J1138-7721        ;        ;          ;Cha  ;11 38 16.8 -77 21 49 ; 2.15 ; 286.9 ; 120.4   ; 1.0   ; M 5   V     ; 14.78 V   ;   ;
Mu Herculis (Aa)      ;695 A   ;          ;Her  ;17 46 27.6 +27 43 13 ; 0.81 ; 202.9 ; 120.32  ; 0.16  ; G 5   IV    ;  3.42 V   ;   ;
Mu Herculis (Ab)      ;        ;          ;Her  ;17 46 27.6 +27 43 13 ; 0.81 ; 202.9 ; 120.32  ; 0.16  ; M 4   V     ; 12.70 V   ;   ;
LHS 3325 (Ba)         ;695 B   ;          ;Her  ;17 46 25.5 +27 43 01 ; 0.83 ; 204.2 ; 120.32  ; 0.16  ; M 3.5 V     ; 10.35 V   ;   ;
LHS 3325 (Bb)         ;695 C   ;          ;Her  ;17 46 25.5 +27 43 01 ; 0.83 ; 204.2 ; 120.32  ; 0.16  ; M 4   V     ; 10.8  V   ;   ;
LP 336-6 A            ;747 A   ;          ;Lyr  ;19 07 42.9 +32 32 42 ; 1.64 ; 48.9  ; 120.20  ; 0.20  ; M 3   V     ; 11.26 V   ;   ;
LP 336-6 B            ;747 B   ;          ;Lyr  ;19 07 42.9 +32 32 42 ; 1.64 ; 48.9  ; 120.20  ; 0.20  ; M 5   V     ; 12.56 V   ;   ;
Xi Ursae Maj. (Aa)    ;423 A   ;Xi UMa    ;UMa  ;11 18 11.0 +31 31 45 ; 0.73 ; 216.2 ; 120.19  ; 0.75  ; F 8.5 V     ;  4.26 V c ;   ;Alula Australis
Xi Ursae Maj. (Ab)    ;        ;          ;UMa  ;11 18 11.0 +31 31 45 ; 0.73 ; 216.2 ; 120.19  ; 0.75  ; M 3   V     ;  4.26 V c ;   ;
Xi Ursae Maj. (Ba)    ;423 B   ;          ;UMa  ;11 18 11.0 +31 31 45 ; 0.73 ; 216.2 ; 120.19  ; 0.75  ; G 2   V     ;  4.73 V c ;   ;
Xi Ursae Maj. (Bb)    ;        ;          ;UMa  ;11 18 11.0 +31 31 45 ; 0.73 ; 216.2 ; 120.19  ; 0.75  ; M 5.5 V     ;  4.73 V c ;   ;ST derived from mass: 0.14 MSun
WISE J1118+3125 (C)   ;        ;          ;UMa  ;11 18 38.7 +31 25 38 ; 0.70 ; 216.7 ; 120.19  ; 0.75  ; T 8.5 V     ; 18.37 J   ;   ;
LHS 465               ;1227    ;          ;Dra  ;18 22 27.0 +62 02 53 ; 1.54 ; 217.1 ; 119.8   ; 2.1   ; M 4.5 V     ; 13.4  V   ;   ;
LP 949-15             ;        ;AP Col    ;Col  ;06 04 52.2 -34 33 36 ; 0.33 ; 3.6   ; 119.21  ; 0.98  ; M 5   V     ; 13.15 V   ;   ;
SCR J1546-5534 A      ;        ;          ;Nor  ;15 46 41.8 -55 34 47 ; 0.45 ; 229.3 ; 119.09  ; 0.70  ; M 7.5 V     ; 17.67 V   ;   ;
SCR J1546-5534 B      ;        ;          ;Nor  ;15 46 41.8 -55 34 47 ; 0.44 ; 229.5 ; 119.09  ; 0.70  ; L 2   V     ; 20.39 V   ;   ;ST derived from MV
CD-37 10765 A         ;618 A   ;          ;Sco  ;16 20 03.5 -37 31 45 ; 1.27 ; 323.3 ; 118.7   ; 2.2   ; M 2   V     ; 10.61 V   ;   ;
CD-37 10765 B         ;618 B   ;          ;Sco  ;16 20 03.5 -37 31 45 ; 1.27 ; 323.3 ; 118.7   ; 2.2   ; M 5.5 V     ; 14.15 V   ;   ;
Beta Canum Venat.     ;475     ;          ;CVn  ;12 33 44.3 +41 21 25 ; 0.76 ; 292.2 ; 118.48  ; 0.20  ; G 0   V     ;  4.25 V   ; y ;
Ross 64               ;232     ;          ;Gem  ;06 24 41.6 +23 25 59 ; 0.76 ; 132.4 ; 118.2   ; 1.9   ; M 4.5 V     ; 13.06 V   ;   ;
HD 32450 A            ;185 A   ;          ;Lep  ;05 02 28.0 -21 15 24 ; 0.31 ; 211.1 ; 118.2   ; 1.1   ; K 7   V     ;  8.32 V   ;   ;
HD 32450 B            ;185 B   ;          ;Lep  ;05 02 28.0 -21 15 24 ; 0.31 ; 211.1 ; 118.2   ; 1.1   ; M 2   V     ;  9.72 V   ;   ;
UCAC4 747-070768 (B)  ;        ;          ;Cep  ;21 51 39.9 +59 17 35 ;      ;       ; 118.124 ; 0.021 ; DA 10       ; 13.94 V   ;   ;Also UCAC4 747-070768, from arXiv:1711.10778v1
CD-52 5613            ;318     ;          ;Pyx  ;08 41 32.6 -32 56 33 ; 1.71 ; 322.0 ; 117.328 ; 0.036 ; DA 5        ; 12.0  V   ;   ;
LP 701-29             ;1276    ;          ;Aqr  ;22 53 53.4 -06 46 54 ; 2.57 ; 106.0 ; 117.151 ; 0.048 ; DZ 3        ; 15.66 V   ;   ;
61 Virginis           ;506     ;          ;Vir  ;13 18 24.2 -18 18 40 ; 1.52 ; 225.1 ; 116.90  ; 0.22  ; G 7   V     ;  4.74 V   ; y ;
G 89-32 A             ;3454    ;          ;CMi  ;07 36 25.1 +07 04 44 ; 0.35 ; 145.0 ; 116.58  ; 0.92  ; M 5   V     ; 13.99 V   ;   ;
G 89-32 B             ;        ;          ;CMi  ;07 36 25.1 +07 04 44 ; 0.35 ; 145.0 ; 116.58  ; 0.92  ; M 5   V     ; 14.01 V   ;   ;
LHS 2065              ;3517    ;          ;Hya  ;08 53 36.0 -03 29 28 ; 0.58 ; 250.2 ; 116.48  ; 0.50  ; M 9   V     ; 18.8  V   ;   ;
Zeta Tucanae          ;17      ;          ;Tuc  ;00 20 04.6 -64 52 29 ; 2.07 ; 55.7  ; 116.47  ; 0.16  ; F 9.5 V     ;  4.20 V   ; y ;
LHS 531               ;877     ;          ;Oct  ;22 55 46.1 -75 27 31 ; 1.42 ; 225.6 ; 116.27  ; 0.25  ; M 3   V     ; 10.38 V   ;   ;
LHS 168               ;1057    ;CD Cet    ;Cet  ;03 13 22.5 +04 46 28 ; 1.71 ; 86.4  ; 115.76  ; 0.78  ; M 5   V     ; 13.78 V   ;   ;
NLTT 40406            ;        ;          ;Ser  ;15 30 30.3 +09 26 01 ; 0.26 ; 314.7 ; 115.76  ; 0.14  ; M 5.5 V     ; 15.4  V   ;   ;
LHS 3255              ;1207    ;          ;Oph  ;16 57 05.7 -04 20 56 ; 0.64 ; 126.3 ; 115.3   ; 1.5   ; M 4   V     ; 12.33 V   ;   ;
SIPS J1141-3624       ;        ;          ;Cen  ;11 41 21.5 -36 24 35 ; 0.56 ; 57.1  ; 115.198 ; 0.075 ; M 5   V     ; 13.68 V   ;   ;
Chi-1 Orionis A       ;222 AB  ;Chi-1 Ori ;Ori  ;05 54 23.0 +20 16 34 ; 0.19 ; 238.5 ; 115.17  ; 0.26  ; G 0   V     ;  4.46 V   ;   ;
Chi-1 Orionis B       ;        ;          ;Ori  ;05 54 23.0 +20 16 34 ; 0.19 ; 238.5 ; 115.17  ; 0.26  ; K 5   V     ;  7.5  V   ;   ;
2MASS J0348-6022      ;        ;          ;Ret  ;03 48 07.7 -60 22 27 ; 0.77 ; 201.3 ; 115     ;11     ; T 7   V     ; 15.32 J   ;   ;
HD 32147              ;183     ;          ;Eri  ;05 00 49.1 -05 45 10 ; 1.23 ; 153.5 ; 114.77  ; 0.48  ; K 3   V     ;  6.22 V   ; y ;
2MASS J0036+1821 A    ;        ;          ;Psc  ;00 36 15.9 +18 21 10 ; 0.91 ; 82.4  ; 114.72  ; 0.37  ; L 4   V     ; 12.93 J   ;   ;
2MASS J0036+1821 B    ;        ;          ;Psc  ;00 36 15.9 +18 21 10 ; 0.91 ; 82.4  ; 114.72  ; 0.37  ; L 5.5 V     ; 13.6  J   ;   ;
HD 50281 (A)          ;250 A   ;          ;Mon  ;06 52 18.1 -05 10 24 ; 0.54 ; 269.8 ; 114.65  ; 0.43  ; K 3   V     ;  6.57 V   ;   ;
LHS 1876 (Ba)         ;250 B   ;          ;Mon  ;06 52 18.1 -05 11 23 ; 0.54 ; 270.0 ; 114.65  ; 0.43  ; M 2   V     ; 10.77 V   ;   ;
LHS 1876 (Bb)         ;        ;          ;Mon  ;06 52 18.1 -05 11 23 ; 0.54 ; 270.0 ; 114.65  ; 0.43  ; M 2   V     ; 11.0  V   ;   ;
BD+36 2219            ;450     ;          ;UMa  ;11 51 08.0 +35 16 21 ; 0.35 ; 321.0 ; 114.09  ; 0.26  ; M 1   V     ;  9.72 V   ;   ;
LP 991-84             ;        ;          ;Phe  ;01 39 21.7 -39 36 08 ; 0.28 ; 146.1 ; 114.05  ; 0.49  ; M 4.5 V     ; 14.52 V   ;   ;
41 Arae A             ;666 A   ;          ;Ara  ;17 19 03.3 -46 38 04 ; 1.05 ; 80.5  ; 113.71  ; 0.69  ; G 8   V     ;  5.47 V   ;   ;
41 Arae B             ;666 B   ;          ;Ara  ;17 19 03.3 -46 38 04 ; 1.05 ; 80.5  ; 113.71  ; 0.69  ; M 0   V     ;  8.69 V   ;   ;
Wolf 1329             ;849     ;          ;Aqr  ;22 09 39.9 -04 38 28 ; 1.04 ; 91.5  ; 113.26  ; 0.31  ; M 3.5 V     ; 10.37 V   ; y ;
Ross 730 (A)          ;745 A   ;          ;Sge  ;19 07 05.6 +20 53 17 ; 0.59 ; 234.2 ; 113.25  ; 0.26  ; M 2   V     ; 10.76 V   ;   ;
Ross 731 (B)          ;745 B   ;          ;Sge  ;19 07 13.2 +20 52 37 ; 0.59 ; 235.2 ; 113.25  ; 0.26  ; M 2   V     ; 10.78 V   ;   ;
LHS 3556 A            ;791.2   ;HU Del    ;Del  ;20 29 48.1 +09 41 23 ; 0.69 ; 79.8  ; 113.17  ; 0.29  ; M 4.5 V     ; 13.11 V   ;   ;
LHS 3556 B            ;        ;          ;Del  ;20 29 48.1 +09 41 23 ; 0.69 ; 79.8  ; 113.17  ; 0.29  ; M 6   V     ; 16.38 V   ;   ;
NLTT 16775 (A)        ;        ;          ;Men  ;06 33 43.3 -75 37 48 ; 0.40 ; 313.7 ; 113.08  ; 0.27  ; M 2   V     ; 10.35 V   ;   ;
NLTT 16774 (B)        ;        ;          ;Men  ;06 33 46.8 -75 37 30 ; 0.37 ; 307.2 ; 113.08  ; 0.27  ; M 3   V     ; 11.41 V   ;   ;
HD 214479 Aa          ;867 A   ;FK Aqr    ;Aqr  ;22 38 45.3 -20 37 13 ; 0.46 ; 97.0  ; 112.76  ; 0.36  ; M 1   V     ;  9.53 V   ;   ;ST derived from MV
HD 214479 Ab          ;867     ;FK Aqr    ;Aqr  ;22 38 45.3 -20 37 13 ; 0.46 ; 97.0  ; 112.76  ; 0.36  ; M 2.5 V     ; 10.28 V   ;   ;ST derived from MV
HD 214479 Bab         ;867 B   ;FL Aqr    ;Aqr  ;22 38 45.3 -20 37 13 ; 0.46 ; 97.0  ; 112.76  ; 0.36  ; M 4   V c   ; 11.45 V c ;   ;Bb component has a minimum mass of 61+-7 MJup
LEHPM 1-3396          ;        ;          ;Hor  ;03 34 12.2 -49 53 32 ; 2.45 ; 77.6  ; 112.636 ; 0.092 ; M 9   V     ; 19.38 V   ;   ;
SCR J0630-7643 A      ;        ;          ;Men  ;06 30 46.6 -76 43 09 ; 0.56 ; 351.0 ; 112.49  ; 0.12  ; M 6   V     ; 15.48 V   ;   ;
SCR J0630-7643 B      ;        ;          ;Men  ;06 30 46.6 -76 43 09 ; 0.56 ; 351.0 ; 112.49  ; 0.12  ; M 6   V     ; 15.68 V   ;   ;
HD 192310             ;785     ;          ;Cap  ;20 15 17.0 -27 01 57 ; 1.26 ; 98.5  ; 112.22  ; 0.30  ; K 2   V     ;  5.72 V   ; y ;HR 7722
2MASS J0727+1710      ;        ;          ;Gem  ;07 27 18.2 +17 10 01 ; 1.30 ; 126.1 ; 112.20  ; 0.84  ; T 7   V     ; 15.6  J   ;   ;
Gamma Leporis (A)     ;216 A   ;          ;Lep  ;05 44 28.1 -22 26 54 ; 0.48 ; 218.5 ; 112.04  ; 0.18  ; F 6   V     ;  3.6  V   ;   ;
Gamma Leporis (B)     ;216 B   ;AK Lep    ;Lep  ;05 44 26.1 -22 25 17 ; 0.47 ; 220.7 ; 112.04  ; 0.18  ; K 2   V     ;  6.15 V   ; y ;
Ross 695              ;465     ;          ;Crv  ;12 24 52.8 -18 14 31 ; 2.53 ; 154.7 ; 111.7   ; 1.7   ; M 2   V     ; 11.27 V   ;   ;
G 113-20              ;2066    ;          ;Hya  ;08 16 07.9 +01 18 10 ; 0.37 ; 277.0 ; 111.53  ; 0.70  ; M 2   V     ; 10.09 V   ;   ;
LHS 224 A             ;3421    ;          ;Lyn  ;07 03 56.4 +52 42 17 ; 1.17 ; 141.7 ; 111.5   ; 1.2   ; M 5   V     ; 14.78 V   ;   ;
LHS 224 B             ;        ;          ;Lyn  ;07 03 56.4 +52 42 17 ; 1.17 ; 141.7 ; 111.5   ; 1.2   ; M 5   V     ; 14.80 V   ;   ;
WT 460 A              ;        ;          ;Cen  ;14 12 00.0 -41 32 21 ; 0.77 ; 260.3 ; 111.03  ; 0.35  ; M 5.5 V     ; 15.65 V   ;   ;
WT 460 B              ;        ;          ;Cen  ;14 12 00.0 -41 32 21 ; 0.77 ; 260.3 ; 111.03  ; 0.35  ; L 1   V     ; 19.92 V   ;   ;
Delta Eridani         ;150     ;Del Eri   ;Eri  ;03 43 14.9 -09 45 49 ; 0.75 ; 352.3 ; 110.63  ; 0.22  ; K 1   III-IV;  3.51 V   ; y ;
BD+66 717 A           ;424     ;SZ UMa    ;UMa  ;11 20 05.4 +65 50 44 ; 2.96 ; 273.6 ; 110.60  ; 0.62  ; M 1   V     ;  9.32 V   ;   ;
BD+66 717 B           ;        ;SZ UMa    ;UMa  ;11 20 05.4 +65 50 44 ; 2.96 ; 273.6 ; 110.60  ; 0.62  ; M 5   V     ; 14.35 V   ;   ;ST derived from MV
LHS 1126              ;2012    ;          ;Cet  ;00 41 25.4 -22 21 04 ; 0.57 ; 229.0 ; 110.4   ; 1.2   ; DQ 9        ; 14.6  V   ;   ;
2MASS J0652+4710 A    ;        ;          ;Aur  ;06 52 30.7 +47 10 35 ; 0.14 ; 336.0 ; 110.31  ; 0.29  ; L 3.5 V     ; 21.4  V c ;   ;
2MASS J0652+4710 B    ;        ;          ;Aur  ;06 52 30.7 +47 10 35 ; 0.14 ; 336.0 ; 110.31  ; 0.29  ; L 6.5 V     ; 21.4  V c ;   ;
Groombridge 1830      ;451     ;          ;UMa  ;11 52 58.6 +37 43 11 ; 7.05 ; 145.4 ; 110.13  ; 0.40  ; K 1   V p   ;  6.45 V   ;   ;Comp B is not real
2MASS J1750-0016      ;        ;          ;Oph  ;17 50 24.8 -00 16 15 ; 0.44 ; 296.1 ; 110.04  ; 0.43  ; L 5.5 V     ; 21.58 V   ;   ;J= 13.29
G 188-38              ;4247    ;V374 Peg  ;Peg  ;22 01 13.4 +28 18 24 ; 0.39 ; 85.0  ; 109.841 ; 0.059 ; M 4   V     ; 11.49 V   ;   ;
LHS 1375              ;3146    ;          ;Ari  ;02 16 29.8 +13 35 14 ; 0.66 ; 131.5 ; 109.80  ; 0.19  ; M 6   V     ; 15.79 V   ;   ;
CD-31 9113            ;433     ;          ;Hya  ;11 35 26.7 -32 32 23 ; 0.83 ; 185.1 ; 109.74  ; 0.37  ; M 1.5 V     ;  9.81 V   ; y ;
Beta Comae            ;502     ;          ;Com  ;13 11 52.0 +27 52 43 ; 1.19 ; 317.7 ; 109.52  ; 0.17  ; G 0   V     ;  4.25 V   ;   ;
LHS 235 (A)           ;283 A   ;          ;Pup  ;07 40 20.7 -17 24 53 ; 1.25 ; 116.6 ; 109.45  ; 0.51  ; DAZ 6       ; 12.98 V   ;   ;
LHS 234 (B)           ;283 B   ;          ;Pup  ;07 40 20.7 -17 24 53 ; 1.27 ; 115.8 ; 109.45  ; 0.51  ; M 6.5 V     ; 16.42 V   ;   ;
LSPM J0011+5908       ;        ;          ;Cas  ;00 11 31.8 +59 08 40 ; 1.47 ; 217.7 ; 109.4   ; 1.2   ; M 6   V     ; 15.87 V   ;   ;
Kappa Ceti            ;137     ;          ;Cet  ;03 19 21.6 +03 22 13 ; 0.28 ; 70.1  ; 109.38  ; 0.27  ; G 5   V     ;  4.85 V   ;   ;
WISE J2134-7137       ;        ;          ;Ind  ;21 34 56.8 -71 37 45 ; 1.38 ; 99.3  ; 109.1   ; 3.7   ; T 9   V p   ; 19.28 J   ;   ;
SDSS J1416+1348 (A)   ;        ;          ;Boo  ;14 16 24.1 +13 48 27 ; 0.16 ; 35.6  ; 109.02  ; 0.91  ; L 6   VI    ; 21.87 V   ;   ;J= 13.15
ULAS J1416+1348 (Bab) ;        ;          ;Boo  ;14 16 23.9 +13 48 36 ; 0.16 ; 35.6  ; 109.02  ; 0.91  ; T 7.5 VI c? ; 17.26 J c?;   ;Possible unresolved double (Kirkpatrick18)
LHS 1809              ;3380    ;          ;Aur  ;06 02 29.4 +49 51 42 ; 0.80 ; 174.5 ; 109.0   ; 2.0   ; M 5   V     ; 14.48 V   ;   ;
LHS 1326              ;3128    ;          ;Psc  ;02 02 14.6 +10 20 11 ; 0.72 ; 246.4 ; 108.98  ; 0.56  ; M 6   V     ; 15.61 V   ;   ;
Ross 1015             ;3801    ;          ;CVn  ;13 42 43.4 +33 17 26 ; 0.71 ; 188.6 ; 108.825 ; 0.044 ; M 4   V     ; 11.97 V   ;   ;
2MASS J0355+1133 AB   ;        ;          ;Tau  ;03 55 23.4 +11 33 44 ; 0.65 ; 159.8 ; 108.44  ; 0.88  ; L 5   V c   ; 14.8  J c ;   ;Young, AB Dor memb., 13-14 MJ
HD 102365 (A)         ;442 A   ;          ;Cen  ;11 46 31.4 -40 30 03 ; 1.59 ; 284.4 ; 108.44  ; 0.22  ; G 2   V     ;  4.89 V   ; y ;66 G. Cen
van Biesbr. 5 (B)     ;442 B   ;          ;Cen  ;11 46 32.4 -40 29 45 ; 1.59 ; 284.4 ; 108.44  ; 0.22  ; M 4   V     ; 15.43 V   ;   ;
WISE J0458+6434 A     ;        ;          ;Cam  ;04 58 53.9 +64 34 53 ;      ;       ; 108.3   ; 1.7   ; T 8.5 V     ; 17.50 J   ;   ;
WISE J0458+6434 B     ;        ;          ;Cam  ;04 58 53.9 +64 34 53 ;      ;       ; 108.3   ; 1.7   ; T 9.5 V     ; 18.48 J   ;   ;
Gamma Pavonis         ;827     ;          ;Pav  ;21 26 26.5 -65 21 56 ; 0.81 ; 6.7   ; 107.97  ; 0.19  ; F 9   V     ;  4.22 V   ;   ;
LHS 1731              ;3325    ;          ;Lep  ;05 03 19.8 -17 22 25 ; 0.50 ; 202.8 ; 107.96  ; 0.33  ; M 3   V     ; 11.74 V   ; y ;
WISE J1217+1626 A     ;        ;          ;Com  ;12 17 56.9 +16 26 40 ; 1.76 ; 148.0 ; 107.8   ; 9.5   ; T 8.5 V     ; 17.98 J   ;   ;
WISE J1217+1626 B     ;        ;          ;Com  ;12 17 56.9 +16 26 40 ; 1.76 ; 148.0 ; 107.8   ; 9.5   ; Y 0   V     ; 20.08 J   ;   ;AB rel par & J mag MKO
WISE J2325-4105       ;        ;          ;Gru  ;23 25 19.6 -41 05 35 ; 0.84 ; 91.2  ; 107.8   ; 3.7   ; T 9   V p   ; 19.75 J   ;   ;
LHS 1951 (A)          ;1103 A  ;          ;CMi  ;07 51 54.7 +00 00 15 ; 0.77 ; 160.6 ; 107.776 ; 0.092 ; M 4.5 V     ; 13.26 V   ;   ;
LHS 1952 (B)          ;1103 B  ;          ;CMi  ;07 51 55.7 +00 00 09 ; 0.77 ; 160.6 ; 107.776 ; 0.092 ; M 5   V     ; 14.7  V   ;   ;
LHS 263               ;1123    ;          ;Cha  ;09 17 05.3 -77 49 23 ; 1.02 ; 139.3 ; 107.70  ; 0.89  ; M 4.5 V     ; 13.1  V   ;   ;
LHS 1339              ;3135    ;          ;For  ;02 05 49.5 -30 10 37 ; 0.54 ; 282.2 ; 107.21  ; 0.52  ; M 2.5 V     ; 12.17 V   ;   ;
2MASS J0340-6724      ;        ;          ;Hyi  ;03 40 09.4 -67 24 05 ; 0.60 ; 328.0 ; 107.12  ; 0.61  ; L 7   V     ; 14.74 J   ;   ;
LHS 203 A             ;190     ;          ;Lep  ;05 08 35.3 -18 10 10 ; 1.38 ; 156.6 ; 106.93  ; 0.60  ; M 3.5 V     ; 10.94 V   ;   ;
LHS 203 B             ;        ;          ;Lep  ;05 08 35.3 -18 10 10 ; 1.38 ; 156.6 ; 106.93  ; 0.60  ; M 3.5 V     ; 11.21 V   ;   ;
LHS 2157              ;357     ;          ;Hya  ;09 36 01.8 -21 39 37 ; 0.92 ; 169.4 ; 106.86  ; 0.62  ; M 2.5 V     ; 10.91 V   ; y ;
2MASS J1821+1414      ;        ;          ;Her  ;18 21 28.2 +14 14 01 ; 0.24 ; 144.0 ; 106.65  ; 0.20  ; L 4.5 V     ; 13.43 J   ;   ;
Ross 33               ;176     ;          ;Tau  ;04 42 55.8 +18 57 31 ; 1.29 ; 146.7 ; 106.63  ; 0.57  ; M 2   V     ;  9.95 V   ; y ;
AC+82 1111            ;226     ;          ;Cam  ;06 10 17.2 +82 06 25 ; 1.34 ; 180.7 ; 106.57  ; 0.40  ; M 2   V     ; 10.49 V   ;   ;
LHS 194               ;3306    ;          ;Eri  ;04 37 48.8 -08 49 12 ; 1.52 ; 171.2 ; 106.270 ; 0.023 ; DQ 8        ; 14.1  V   ;   ;
BD-18 359 A           ;84      ;          ;Cet  ;02 05 04.3 -17 36 54 ; 1.30 ; 96.8  ; 105.95  ; 0.11  ; M 2.5 V     ; 10.19 V   ;   ;
BD-18 359 B           ;        ;          ;Cet  ;02 05 04.3 -17 36 54 ; 1.30 ; 96.8  ; 105.95  ; 0.11  ; M 6   V     ; 16.40 V   ;   ;ST derived from MV
LHS 54 AB             ;595     ;          ;Lib  ;15 42 06.0 -19 28 59 ; 2.25 ; 243.2 ; 105.89  ; 0.45  ; M 3   V c   ; 11.84 V c ;   ;
CD-35 5378            ;367     ;          ;Vel  ;09 44 30.2 -45 46 38 ; 0.75 ; 217.3 ; 105.69  ; 0.58  ; M 1   V     ;  9.98 V   ;   ;
UCAC4 379-100760      ;        ;          ;Ser  ;18 05 44.7 -14 22 42 ;      ;       ; 105.56  ; 0.14  ; M 5.5 V     ; 15.17 V   ;   ;Also PM J18057-1422
DENIS J1159-5247      ;        ;          ;Cen  ;11 59 27.4 -52 47 19 ; 1.08 ; 263.1 ; 105.54  ; 0.12  ; M 9   V     ; 19.0  V   ;   ;
CD-51 6859            ;479     ;          ;Cen  ;12 37 52.7 -52 00 04 ; 1.04 ; 271.4 ; 105.512 ; 0.065 ; M 3   V     ; 10.66 V   ; y ;PMS star
WISE J1141-3326       ;        ;          ;Hya  ;11 41 56.7 -33 26 36 ; 0.90 ; 264.6 ; 105.5   ; 4.3   ; Y 0   V     ; 19.76 J   ;   ;
2MASS J0034+0523      ;        ;          ;Psc  ;00 34 51.6 +05 23 05 ; 0.68 ; 74.6  ; 105.4   ; 7.5   ; T 6.5 V     ; 15.54 J   ;   ;
WISE J0713-2917       ;        ;          ;CMa  ;07 13 22.5 -29 17 52 ; 0.54 ; 139.6 ; 105.4   ; 3.0   ; Y 0   V     ; 19.81 J   ;   ;
LHS 252               ;3512    ;          ;UMa  ;08 41 20.5 +59 29 50 ; 1.31 ; 191.2 ; 105.386 ; 0.094 ; M 5.5 V     ; 15.05 V   ;   ;
Wolf 1069             ;1253    ;          ;Cyg  ;20 26 05.7 +58 34 22 ; 0.61 ; 24.1  ; 105.19  ; 0.85  ; M 5   V     ; 14.04 V   ;   ;
BPS CS 22879-0089     ;        ;          ;Mic  ;20 49 09.9 -40 12 06 ; 0.05 ; 271.9 ; 105.16  ; 0.27  ; M 4.5 V     ; 13.53 V   ;   ;2MASS J2049-4012
LHS 495               ;1256    ;          ;Del  ;20 40 34.3 +15 29 58 ; 1.49 ; 63.3  ; 105.09  ; 0.87  ; M 4.5 V     ; 13.41 V   ;   ;
BD+43 2796            ;694     ;          ;Her  ;17 43 55.9 +43 22 39 ; 0.64 ; 179.1 ; 104.985 ; 0.030 ; M 3.5 V     ; 10.51 V   ;   ;
20 Crt (A)            ;432 A   ;          ;Hya  ;11 34 29.1 -32 49 54 ; 1.06 ; 320.8 ; 104.60  ; 0.27  ; K 0   V     ;  5.98 V   ;   ;
van Biesbr. 4 (B)     ;432 B   ;          ;Hya  ;11 34 30.1 -32 50 00 ; 1.06 ; 320.8 ; 104.60  ; 0.27  ; DC          ; 15.0  V   ;   ;
LHS 2206              ;3571    ;          ;Leo  ;09 53 55.2 +20 56 45 ; 0.51 ; 320.7 ; 104.50  ; 0.12  ; M 4.5 V     ; 14.05 V   ;   ;
61 Ursae Majoris      ;434     ;          ;UMa  ;11 41 02.7 +34 12 03 ; 0.39 ; 181.9 ; 104.16  ; 0.26  ; G 8   V     ;  5.32 V   ;   ;
CD-40 5404            ;358     ;          ;Vel  ;09 39 46.9 -41 04 01 ; 0.66 ; 305.0 ; 104.08  ; 0.38  ; M 3   V     ; 10.69 V   ;   ;
PM I2050-3424         ;        ;          ;Mic  ;20 50 16.2 -34 24 43 ; 0.46 ; 127.9 ; 104.071 ; 0.087 ; M 5   V     ; 13.88 V   ;   ;
WISE J2030+0749       ;        ;          ;Del  ;20 30 42.8 +07 49 35 ; 0.67 ; 101.9 ; 103.97  ; 0.98  ; T 1.5 V     ; 14.23 J   ;   ;PSO J307.6784+07.8236
LHS 6167 A            ;        ;          ;Hya  ;09 15 36.4 -10 35 47 ; 0.44 ; 244.0 ; 103.46  ; 0.94  ; M 5   V     ; 14.00 V   ;   ;
LHS 6167 B            ;        ;          ;Hya  ;09 15 36.4 -10 35 47 ; 0.44 ; 244.0 ; 103.46  ; 0.94  ; M 5.5 V     ; 15.83 V   ;   ;ST derived from MV
Wolf 227 AB           ;3253    ;          ;Tau  ;03 52 41.4 +17 01 03 ; 0.77 ; 147.5 ; 103.38  ; 0.13  ; M 4.5 V c   ; 13.79 V c ;   ;B is a poss BD detected using RVs: MSini= 44.8+-3.2 MJup, per= 10.59d
CD-48 9312            ;680     ;          ;Ara  ;17 35 13.5 -48 40 52 ; 0.46 ; 7.0   ; 103.350 ; 0.054 ; M 3   V     ; 10.13 V   ;   ;
WISE J1405+8350       ;        ;          ;Cam  ;14 05 37.3 +83 50 25 ; 0.85 ; 312.1 ; 103.12  ; 0.71  ; L 8.5 V     ; 14.63 J   ;   ;
LHS 293 A             ;1138    ;          ;LMi  ;10 49 45.7 +35 32 45 ; 1.23 ; 213.2 ; 103.11  ; 0.18  ; M 4.5 V     ; 13.10 V   ;   ;
LHS 293 B             ;        ;          ;LMi  ;10 49 45.7 +35 32 45 ; 1.23 ; 213.2 ; 103.11  ; 0.18  ; M 6   V     ; 16.50 V   ;   ;ST derived from MV
CFBDS J0059-0114      ;        ;          ;Cet  ;00 59 10.9 -01 14 01 ; 0.89 ; 87.2  ; 102.9   ; 1.5   ; T 8.5 V     ; 18.03 J   ;   ;
HD 197481 (A)         ;803     ;AU Mic    ;Mic  ;20 45 09.5 -31 20 27 ; 0.44 ; 142.1 ; 102.830 ; 0.049 ; M 1   V     ;  8.61 V   ; y ;Pair with AT Mic
LHS 145               ;3112    ;          ;Hyi  ;01 42 57.6 -67 17 58 ; 1.05 ; 197.8 ; 102.80  ; 0.85  ; DA 8.1      ; 13.9  V   ;   ;
LP 655-48             ;        ;          ;Eri  ;04 40 23.3 -05 30 08 ; 0.24 ; 68.2  ; 102.60  ; 0.57  ; M 6.5 V     ; 17.86 V   ;   ;
2MASS J1515+4847      ;        ;          ;Boo  ;15 15 00.8 +48 47 42 ; 1.75 ; 327.1 ; 102.59  ; 0.63  ; L 6   V     ; 14.11 J   ;   ;
LHS 310               ;436     ;          ;Leo  ;11 42 10.4 +26 42 31 ; 1.08 ; 135.5 ; 102.50  ; 0.31  ; M 3.5 V     ; 10.59 V   ; y ;
12 Ophiuchi           ;631     ;V2133 Oph ;Oph  ;16 36 21.8 -02 19 31 ; 0.55 ; 124.6 ; 102.49  ; 0.40  ; K 2   V     ;  5.77 V   ;   ;
PSO 339.07+51.09      ;        ;          ;Lac  ;22 36 17.6 +51 05 52 ; 0.81 ; 65.8  ; 102.4   ; 1.9   ; T 5   V     ; 14.58 J   ;   ;2MASS J2236+5105
2MASS J0257-3105      ;        ;          ;For  ;02 57 25.8 -31 05 52 ; 0.70 ; 61.5  ; 102.37  ; 0.61  ; L 8   V     ; 14.67 J   ;   ;
LHS 134               ;1028    ;          ;Cet  ;01 04 53.2 -18 07 29 ; 1.34 ; 71.5  ; 102.16  ; 0.85  ; M 5   V     ; 14.47 V   ;   ;
CWISEP J1935-1546     ;        ;          ;Sgr  ;19 35 18.6 -15 46 20 ;      ;       ; 102     ;16     ; Y 1   V     ; 18.51 W1  ;   ;Teff = 270-360 K, d = 5.6-10.9 pc
HD 196982 (B)         ;799 A   ;AT Mic    ;Mic  ;20 41 51.2 -32 26 10 ; 0.43 ; 140.5 ; 101.717 ; 0.096 ; M 4.5 V     ; 11.36 V   ;   ;
Wolf 47 (B)           ;51      ;V388 Cas  ;Cas  ;01 03 20.7 +62 21 58 ; 0.73 ; 82.5  ; 101.637 ; 0.081 ; M 3   V     ; 13.66 V   ;   ;
HD 151288             ;638     ;          ;Her  ;16 45 06.7 +33 30 36 ; 0.39 ; 352.6 ; 101.63  ; 0.22  ; K 5   V     ;  8.11 V   ;   ;
CFBDS J2139+0220      ;        ;          ;Aqr  ;21 39 26.8 +02 20 23 ; 0.50 ; 75.6  ; 101.5   ; 2.0   ; T 1.5 V     ; 14.71 J   ;   ;
Wolf 46 (A)           ;49      ;          ;Cas  ;01 02 39.0 +62 20 40 ; 0.69 ; 84.3  ; 101.465 ; 0.034 ; M 1.5 V     ;  9.56 V   ; y ;
UPM 0815-2344         ;        ;          ;Pup  ;08 15 11.2 -23 44 16 ; 0.12 ; 57.0  ; 101.262 ; 0.081 ; M 3.5 V     ; 12.3  V   ;   ;
HD 196982 (C)         ;799 B   ;AT Mic    ;Mic  ;20 41 51.1 -32 26 07 ; 0.43 ; 140.5 ; 101.198 ; 0.079 ; M 4.5 V     ; 11.34 V   ;   ;
Ross 440 A            ;352 A   ;          ;Hya  ;09 31 19.6 -13 29 18 ; 0.73 ; 85.4  ; 101.1   ; 3.3   ; M 3   V     ; 10.65 V   ;   ;
Ross 440 B            ;352 B   ;          ;Hya  ;09 31 19.6 -13 29 18 ; 0.73 ; 85.4  ; 101.1   ; 3.3   ; M 4   V     ; 11.06 V   ;   ;
HD 232979             ;172     ;          ;Cam  ;04 37 40.7 +52 53 37 ; 0.56 ; 145.2 ; 101.02  ; 0.30  ; K 8   V     ;  8.61 V   ;   ;LHS 1688
LHS 2149              ;1125    ;          ;Hya  ;09 30 44.1 +00 19 20 ; 0.79 ; 228.3 ; 100.999 ; 0.075 ; M 3.5 V     ; 11.71 V   ;   ;
WISE J0336-0143       ;        ;          ;Eri  ;03 36 05.1 -01 43 50 ;      ;       ; 100.9   ; 5.9   ; Y 0   V     ; 18.45 W1  ;   ;
LHS 3262              ;3988    ;          ;Dra  ;17 03 24.4 +51 24 24 ; 0.65 ; 13.0  ; 100.874 ; 0.042 ; M 4   V     ; 13.56 V   ;   ;
LHS 3405 (Aa)         ;1230 A  ;          ;Her  ;18 41 09.3 +24 47 09 ; 0.50 ; 85.3  ; 100.723 ; 0.049 ; M 4.5 V     ; 12.98 V   ;   ;
LHS 3405 (Ab)         ;        ;          ;Her  ;18 41 09.3 +24 47 09 ; 0.50 ; 85.3  ; 100.723 ; 0.049 ; M 4.5 V     ; 13.18 V   ;   ;
LHS 3404 (B)          ;1230 B  ;          ;Her  ;18 41 09.3 +24 47 15 ; 0.50 ; 85.3  ; 100.683 ; 0.071 ; M 5   V     ; 14.87 V   ;   ;
BD+16 2708 A          ;569 AB  ;CE Boo    ;Boo  ;14 54 29.6 +16 06 04 ; 0.30 ; 113.8 ; 100.681 ; 0.053 ; M 2.5 V     ; 10.15 V   ;   ;
BD+16 2708 Ba         ;        ;          ;Boo  ;14 54 29.6 +16 06 04 ; 0.30 ; 113.8 ; 100.681 ; 0.053 ; M 8.5 V     ; 19.0  V   ;   ;V calculated from J and V-J values
BD+16 2708 Bb         ;        ;          ;Boo  ;14 54 29.6 +16 06 04 ; 0.30 ; 113.8 ; 100.681 ; 0.053 ; M 9   V     ; 19.5  V   ;   ;V calculated from J and V-J values
LHS 183               ;1065    ;          ;Eri  ;03 50 44.3 -06 05 44 ; 1.43 ; 196.8 ; 100.56  ; 0.11  ; M 3   V     ; 12.79 V   ;   ;
G 243-30 (Aa)         ;22 A    ;V547 Cas  ;Cas  ;00 32 29.9 +67 14 09 ; 1.75 ; 97.8  ; 100.405 ; 0.070 ; M 2.5 V     ; 10.44 V   ;   ;BD+66 34 Aa
G 243-30 (Ab)         ;22 C    ;          ;Cas  ;00 32 29.9 +67 14 09 ; 1.75 ; 97.8  ; 100.405 ; 0.070 ; M 3.5 V     ; 13.85 V   ;   ;BD+66 34 Ab
LHS 115 (Bab)         ;22 B    ;          ;Cas  ;00 32 29.9 +67 14 09 ; 1.75 ; 97.8  ; 100.405 ; 0.070 ; M 3   V     ; 11.38 V   ; y ;
LHS 2930              ;3855    ;          ;Dra  ;14 30 37.8 +59 43 25 ; 0.82 ; 281.7 ; 100.293 ; 0.079 ; M 6.5 V     ; 17.88 V   ;   ;
LHS 1417              ;102     ;          ;Ari  ;02 33 36.9 +24 55 29 ; 0.69 ; 176.8 ; 100.28  ; 0.11  ; M 4   V     ; 12.96 V   ;   ;
Wolf 287              ;239     ;          ;Gem  ;06 37 10.8 +17 33 54 ; 0.89 ; 293.4 ;  99.916 ; 0.050 ; K 7   V     ;  9.59 V   ;   ;Optical multiple
LHS 411               ;609     ;          ;Her  ;16 02 51.5 +20 35 20 ; 1.57 ; 217.6 ;  99.901 ; 0.059 ; M 4   V     ; 12.56 V   ;   ;
WISE J1828+2650 AB?   ;        ;          ;Lyr  ;18 28 31.1 +26 50 38 ; 0.97 ; 80.9  ;  99.8   ; 3.2   ; Y 1.5 V c?  ; 23.48 J c?;   ;Double?
ULAS J1335+1130       ;        ;          ;Vir  ;13 35 53.5 +11 30 05 ; 0.28 ; 223.3 ;  99.3   ; 1.4   ; T 8.5 V     ; 17.9  J   ;   ;
WISE J1150+6302       ;        ;          ;UMa  ;11 50 13.9 +63 02 41 ; 0.80 ; 163.9 ;  99     ;32     ; T 8   V     ; 17.72 J   ;   ;
CWISEP J1446-2317     ;        ;          ;Lib  ;14 46 06.6 -23 17 18 ;      ;       ;  99     ;15     ; Y 1.5 V     ;>22.36 J   ;   ;
WISE J0811-8051       ;        ;          ;Cha  ;08 11 17.8 -80 51 41 ; 0.29 ; 100.6 ;  98.5   ; 7.7   ; T 9.5 V     ; 19.65 J   ;   ;
G 237-78 A            ;487     ;DP Dra    ;Dra  ;12 49 02.6 +66 06 36 ; 0.44 ; 258.0 ;  98.4   ; 1.7   ; M 3   V     ; 11.67 V   ;   ;
G 237-78 B            ;        ;DP Dra    ;Dra  ;12 49 02.6 +66 06 36 ; 0.44 ; 258.0 ;  98.4   ; 1.7   ; M 3   V     ; 11.74 V   ;   ;
G 237-78 C            ;        ;DP Dra    ;Dra  ;12 49 02.6 +66 06 36 ; 0.44 ; 258.0 ;  98.4   ; 1.7   ; M 4   V     ; 12.51 V   ;   ;ST derived from MV
2MASS J1237+6526      ;        ;          ;Dra  ;12 37 39.2 +65 26 15 ; 1.13 ; 242.3 ;  96.1   ; 4.8   ; T 6.5 V     ; 16.05 J   ;   ;
WISE J1614+1739       ;        ;          ;Her  ;16 14 41.5 +17 39 37 ; 0.78 ; 103.2 ;  96     ;13     ; T 9   V     ; 18.9  J   ;   ;
CWISEP J2256+4002     ;        ;          ;Lac  ;22 56 29.0 +40 02 27 ;      ;       ;  93     ;29     ; Y 1   V     ; 21.70 J   ;   ;
